"post_id","Date Added","Caption","Option 1","Option 2","Sponsor?","id","UGC?","# Views","# Resps","% R/V","% Opt1","% Opt2","# Likes","# Comments","# Bookmarks","# Skips"
"1716990568322-gil5r62W","2024-05-29 00:00:00","For an app…","Want personalized features even though personal data is collected","Generic functionality but no data collection","True","SnapInput","False",555,294,0.5297297297297298,0.5204081632653061,0.47959183673469385,11,5,0,0
"1717398117529-w2tcau1n","2024-06-03 00:00:00","","Always feel too hot","Always feel too cold","False","n/a","False",495,390,0.7878787878787878,0.2512820512820513,0.7487179487179487,7,4,0,0
"1716957101156-rnUj17j0","2024-05-29 00:00:00","","Speak a new language fluently","Talk to an animal","False","n/a","False",474,385,0.8122362869198312,0.5844155844155844,0.4155844155844156,9,1,0,0
"1717398092115-8z8RLXwb","2024-06-03 00:00:00","","Eat anything and never gain weight","Won't feel tired and never need to sleep","False","n/a","False",441,376,0.8526077097505669,0.6808510638297872,0.3191489361702128,2,1,0,0
"1716957076087-9wpIpgRR","2024-05-29 00:00:00","","Can only tell the truth","Always tell the lie","False","n/a","False",434,339,0.7811059907834101,0.7699115044247787,0.23008849557522124,6,2,0,0
"1716887394408-6g4jR7jr","2024-05-28 00:00:00","","Unlimited money","Unlimited knowledge","False","n/a","False",433,375,0.8660508083140878,0.456,0.544,7,1,0,0
"1716887370455-bwj2B9S3","2024-05-28 00:00:00","","Live in a world with no problems","Lve in a world where you rule","False","n/a","False",407,359,0.8820638820638821,0.8050139275766016,0.19498607242339833,6,0,0,0
"1717398056145-qVeiVUop","2024-06-03 00:00:00","","Smartest person in the world","Funniest person in the world","False","n/a","False",397,357,0.8992443324937027,0.7815126050420168,0.2184873949579832,1,2,0,0
"1717739092043-i5MhiYIl","2024-06-07 00:00:00","Pick one...","live without music","live without movies","False","n/a","False",393,316,0.8040712468193384,0.17088607594936708,0.8291139240506329,7,13,0,0
"1716782931949-CjzLHaV7","2024-05-27 00:00:00","Better anime?","Jojo bizzar adventures","Demon slayer","False","n/a","False",387,290,0.7493540051679587,0.23793103448275862,0.7620689655172413,7,2,0,0
"1716881061814-HVqUMtqr","2024-05-28 00:00:00","","Control time","Change your appearance at will","False","n/a","False",386,346,0.8963730569948186,0.5924855491329479,0.407514450867052,4,0,0,0
"1717398016215-30fuuV61","2024-06-03 00:00:00","","Never use technology again","Never leave your home again","False","n/a","False",373,319,0.8552278820375335,0.3510971786833856,0.6489028213166145,2,1,0,0
"1716880520622-OC2gxL3n","2024-05-28 00:00:00","Better superpower?","Teleport anywhere instantly","Read minds","False","n/a","False",372,341,0.9166666666666666,0.6187683284457478,0.3812316715542522,7,0,0,0
"1716782931297-yCOHTdYf","2024-05-27 00:00:00","OG meme","Doge ","Nyan cat","False","n/a","False",365,265,0.726027397260274,0.30566037735849055,0.6943396226415094,5,1,0,0
"1717739065096-k5hf7RoO","2024-06-07 00:00:00","","See 10 minutes into the future","See 10 years into the future","False","n/a","False",360,295,0.8194444444444444,0.3220338983050847,0.6779661016949152,5,7,0,0
"1716782930677-b4FkHh7A","2024-05-27 00:00:00","Winner of the fight","Jake Paul","Mike Tyson","False","n/a","False",355,205,0.5774647887323944,0.2048780487804878,0.7951219512195122,6,1,0,0
"1718076610245-nAU5DZ2K","2024-06-11 00:00:00","","New Jeans","Taylor Swift","False","n/a","False",342,234,0.6842105263157895,0.6794871794871795,0.32051282051282054,4,11,0,0
"1716782930062-ouRsmvC5","2024-05-27 00:00:00","","Marrying a rich but toxic person","Marrying a poor but loving person","False","n/a","False",334,269,0.8053892215568862,0.3345724907063197,0.6654275092936803,5,0,0,0
"1716782929463-yBB8l3mA","2024-05-27 00:00:00","","Only watch anime ","Only watch k-dramas ","False","n/a","False",320,272,0.85,0.5992647058823529,0.4007352941176471,7,0,0,0
"1716782928928-86w70PsL","2024-05-27 00:00:00","","Be able to breath in water","Be able to breath in space","False","n/a","False",315,268,0.8507936507936508,0.6529850746268657,0.34701492537313433,4,0,0,0
"1718076554943-cgbfansX","2024-06-11 00:00:00","","Read mind","Go invisible","False","n/a","False",297,231,0.7777777777777778,0.5627705627705628,0.43722943722943725,6,7,0,0
"1716782928348-1RA1yY3k","2024-05-27 00:00:00","What's more important","Skincare","Makeup","False","n/a","False",292,264,0.9041095890410958,0.9393939393939394,0.06060606060606061,3,0,0,1
"1716782927592-4Fg2GOoW","2024-05-27 00:00:00","","Superpower","Magic","False","n/a","False",286,253,0.8846153846153846,0.4426877470355731,0.5573122529644269,3,0,0,0
"1716782926964-oW6vR7wF","2024-05-27 00:00:00","Better season","autumn/winter","summer/spring","False","n/a","False",279,259,0.9283154121863799,0.7413127413127413,0.25868725868725867,2,0,0,0
"1716782926324-o2NJO9fb","2024-05-27 00:00:00","","Always being early ","Always being late","False","n/a","False",271,247,0.9114391143911439,0.8785425101214575,0.1214574898785425,3,0,0,0
"1716782925750-dAzpyB6F","2024-05-27 00:00:00","","Know when you will die","Know how you will die","False","n/a","False",266,231,0.868421052631579,0.5714285714285714,0.42857142857142855,4,1,0,0
"1716782925174-eDKEt3I7","2024-05-27 00:00:00","Do you want","To love","To be loved","False","n/a","False",257,228,0.8871595330739299,0.16666666666666666,0.8333333333333334,4,0,0,0
"1716782924515-bmbz9jTB","2024-05-27 00:00:00","","Cat person","Dog person ","False","n/a","False",252,227,0.9007936507936508,0.7400881057268722,0.2599118942731278,2,0,0,0
"1716782923754-saDGyBhY","2024-05-27 00:00:00","","Reincarnation ","Time Travel","False","n/a","False",240,207,0.8625,0.33816425120772947,0.6618357487922706,4,0,0,0
"1716782923099-m3b9XevW","2024-05-27 00:00:00","","Have unlimited friends but they all fake","Have one friend who really care about you","False","n/a","False",225,201,0.8933333333333333,0.014925373134328358,0.9850746268656716,4,0,0,0
"1716782922191-tL0eUMUU","2024-05-27 00:00:00","","IQ","Photographic memory ","False","n/a","False",215,193,0.8976744186046511,0.5233160621761658,0.47668393782383417,2,0,0,0
"1716782921491-W3kgsFvt","2024-05-27 00:00:00","","You can talk with your future self","You can speak to your past self","False","n/a","False",212,185,0.8726415094339622,0.6432432432432432,0.3567567567567568,5,1,0,0
"1716782920291-awogW8Cv","2024-05-27 00:00:00","Which is more sad","Can't listen to your fav music","Can't read your fav books","False","n/a","False",198,174,0.8787878787878788,0.40804597701149425,0.5919540229885057,3,0,0,0
"1716782919669-T4vhzioz","2024-05-27 00:00:00","","Travel evrywhere you want","Never visit your town again","False","n/a","False",193,168,0.8704663212435233,0.9285714285714286,0.07142857142857142,3,2,0,0
"1716782918873-VjZUH2ZN","2024-05-27 00:00:00","","Have a comfortable job","Own a high ranking company but have no control over it","False","n/a","False",183,162,0.8852459016393442,0.8271604938271605,0.1728395061728395,2,0,0,0
"1716782918221-vkWHp5EV","2024-05-27 00:00:00","Weird power but…","You get unlimited pineapple juice for the rest of your life for free but you need to make a front flip every time you want a glass of it  ","You get unlimited barbecue chips for the rest of your life for free but you get shot with a paintball gun whenever you want to take a bag of it","False","n/a","False",176,138,0.7840909090909091,0.42028985507246375,0.5797101449275363,2,0,0,0
"1716782917471-ovFKSNm2","2024-05-27 00:00:00","Pick only one","Love","Money","False","n/a","False",168,151,0.8988095238095238,0.46357615894039733,0.5364238410596026,2,0,0,0
"1716782916488-jXqr3EQY","2024-05-27 00:00:00","Who could you count on?","Choose your friends","Choose your family","False","n/a","False",164,144,0.8780487804878049,0.2847222222222222,0.7152777777777778,2,0,0,1
"1718696060187-H8tIp4UX","2024-06-18 00:00:00","Choose one as pet","Dinosaur","Dragon","False","n/a","False",156,122,0.782051282051282,0.1557377049180328,0.8442622950819673,2,8,0,0
"1716782914931-2plpIonX","2024-05-27 00:00:00","Edit photos in…","Warm colors","Cool colors","False","n/a","False",155,132,0.8516129032258064,0.3939393939393939,0.6060606060606061,1,0,0,0
"1716782915786-0KzYtn6P","2024-05-27 00:00:00","","be yourself","be someone else","False","n/a","False",155,143,0.9225806451612903,0.8041958041958042,0.1958041958041958,1,2,0,0
"1716782914064-6K0SKuMv","2024-05-27 00:00:00","","SAMSUNG","APPLE","False","n/a","False",152,132,0.868421052631579,0.6590909090909091,0.3409090909090909,1,0,0,0
"1718695871575-rOV6oAfD","2024-06-18 00:00:00","","Hot soba","Cold soba","False","n/a","False",135,90,0.6666666666666666,0.4444444444444444,0.5555555555555556,2,5,0,0
"1718693821977-fu2Ot828","2024-06-18 00:00:00","When you speak","always have to whisper","always have to shout","False","n/a","False",124,102,0.8225806451612904,0.7156862745098039,0.28431372549019607,0,4,0,0
"1718693745785-p7tkWQE7","2024-06-18 00:00:00","","never have to do laundry again","never have to do dishes again","False","n/a","False",120,105,0.875,0.5142857142857142,0.4857142857142857,1,2,0,0
"1718693796399-WNPlKGms","2024-06-18 00:00:00"," Be famous for...","your dancing skills","your singing skills","False","n/a","False",115,103,0.8956521739130435,0.39805825242718446,0.6019417475728155,1,3,0,0
"1718693707656-log7G8Su","2024-06-18 00:00:00","","have to sing everything you say","dance every time you move","False","n/a","False",100,87,0.87,0.7011494252873564,0.2988505747126437,1,1,0,0
"1719216977015-NgIBL44U","2024-06-24 00:00:00","Climate change is…","Real","Unreal","True","Elements Advisors","False",30,20,0.6666666666666666,0.9,0.1,0,7,0,0
"1719196928740-7BSveFMR","2024-06-24 00:00:00","","Cigarettes  ","Vapes ","False","n/a","False",29,14,0.4827586206896552,0.42857142857142855,0.5714285714285714,0,4,0,0
"1719216825340-wAd2OxQu","2024-06-24 00:00:00","","Low inflation and no pay raise","High inflation and pay raise","True","Elements Advisors","False",26,14,0.5384615384615384,0.7142857142857143,0.2857142857142857,0,4,0,0
"1719196745738-lfPjdjQA","2024-06-24 00:00:00","","Flavored vapes","Plain tobacco products","False","n/a","False",24,10,0.4166666666666667,0.6,0.4,1,2,0,2
"1719196654068-tXAVb5jE","2024-06-24 00:00:00","","I’d rather be vaping","Nicotine pouches all the way (Zyn)","False","n/a","False",23,8,0.34782608695652173,0.75,0.25,0,1,0,1
"1719216487579-5RMsoy15","2024-06-24 00:00:00","","Bitcoin","Gold","True","Elements Advisors","False",22,15,0.6818181818181818,0.5333333333333333,0.4666666666666667,1,6,0,0
"1719283679078-ueyvDMeD","2024-06-25 00:00:00","Which team is better?","Rams","49ers","False","n/a","False",20,5,0.25,0.4,0.6,0,0,0,0
"1719196007778-8JPSHzGz","2024-06-24 00:00:00","","15 is too young for vaping, come on! ","15 is totally fine, pass me my spicy pineapple!","False","n/a","False",19,15,0.7894736842105263,0.7333333333333333,0.26666666666666666,1,0,0,0
"1716782943024-aqsoYv3Z","2024-05-27 00:00:00","","Always have to sing instead of speak","Always have to dance everywhere you go","False","n/a","False",9,9,1,0.6666666666666666,0.3333333333333333,1,2,0,0
"1716782966986-8OF5iLPF","2024-05-27 00:00:00","","Become a famous inventor","Become a renowned artist","False","n/a","False",9,7,0.7777777777777778,0.8571428571428571,0.14285714285714285,1,1,0,0
"1716782968787-kvnBQQuy","2024-05-27 00:00:00","","Only eat burgers for the rest of your life","Only eat fried rice for the rest of your life","False","n/a","False",9,9,1,0.7777777777777778,0.2222222222222222,1,3,0,0
"1716782999211-2J4dv4Mu","2024-05-27 00:00:00","","Attend an exclusive private party hosted by your favorite musician","Be a VIP guest at a major awards ceremony","False","n/a","False",9,8,0.8888888888888888,0.75,0.25,1,1,0,0
"1716783013031-yXuZDupW","2024-05-27 00:00:00","","Attend a live taping of your favorite sitcom ","Be a contestant on a reality TV show ","False","n/a","False",9,7,0.7777777777777778,0.14285714285714285,0.8571428571428571,0,0,0,0
"1716783034526-Evet5ga4","2024-05-27 00:00:00","","going outdoors alone","staying in with friends","False","n/a","False",9,8,0.8888888888888888,0.375,0.625,0,2,0,0
"1716782972691-PTxYxHpp","2024-05-27 00:00:00","","Have a lifetime supply of bubble tea","Have a lifetime supply of matcha","False","n/a","False",8,8,1,0.125,0.875,0,0,0,0
"1716782977914-iQdHCeO2","2024-05-27 00:00:00","","Have a social media account with a million followers but you can never post about yourself, only about random strangers","Have a social media account with only one follower but it's your celebrity crush who likes and comments on all your posts","False","n/a","False",8,6,0.75,0.16666666666666666,0.8333333333333334,0,0,0,0
"1716782979666-QKBxs1Tr","2024-05-27 00:00:00","","Speak in rhymes all the time","Speak in pig latin all the time","False","n/a","False",8,7,0.875,0.8571428571428571,0.14285714285714285,1,2,0,0
"1716783012521-Imz9xjDm","2024-05-27 00:00:00","","Unlimited free pizza for life but only from a pizza chain you don't really like","Have a 50% discount on pizza from your favorite local pizzeria","False","n/a","False",8,8,1,0.125,0.875,0,1,0,0
"1716783023025-mzo7e9gJ","2024-05-27 00:00:00","","Be forced to use comic sans as your phone's default font","Have all music digitally convert to early 2000s audio quality","False","n/a","False",8,5,0.625,0.8,0.2,0,0,0,0
"1716783029217-igN4chH6","2024-05-27 00:00:00","","Have a permanent hall pass that allows you to skip class whenever you want, but it has a built-in whoopee cushion sound effect","Have a magic backpack that always has the exact snack you're craving, but occasionally it also produces a live chicken","False","n/a","False",8,7,0.875,0.2857142857142857,0.7142857142857143,0,0,0,0
"1716783031568-32o8dMba","2024-05-27 00:00:00","","Let everyone disappear that hates you","Make the people that hate you, like you","False","n/a","False",8,6,0.75,0.5,0.5,1,0,0,0
"1716783039399-dz667leV","2024-05-27 00:00:00","","Kyoto ","Osaka","False","n/a","False",8,8,1,0.125,0.875,0,1,0,0
"1716783040425-C7M9FKmw","2024-05-27 00:00:00","","Have a personal theme song that plays ever time you enter a room","Have a personal dance you vhave to perform everytime you greet someone","False","n/a","False",8,7,0.875,0.8571428571428571,0.14285714285714285,1,0,0,0
"1716783043157-Ebm4YxWC","2024-05-27 00:00:00","","Get an unlimited budget at your local convenience store","Get an unlimited budget at your local fast food chain","False","n/a","False",8,7,0.875,0.7142857142857143,0.2857142857142857,1,1,0,0
"1717167333340-q0c8fzrG","2024-05-31 00:00:00","which is the better character?","Shin Ha-ri (A Business Poposal)","Yoon Ji-Woo (My Name)","False","n/a","True",8,3,0.375,0.6666666666666666,0.3333333333333333,0,1,0,5
"1716782945873-oVmYBnK4","2024-05-27 00:00:00","","Have a personal fragrance that makes everyone around you uncontrollably dance","Have a personal fragrance that makes everyone around you uncontrollably sing","False","n/a","False",7,6,0.8571428571428571,0.6666666666666666,0.3333333333333333,0,1,0,1
"1716782947640-g7Tozvjq","2024-05-27 00:00:00","","Have the ability to fly","Be invisible at will","False","n/a","False",7,6,0.8571428571428571,0.3333333333333333,0.6666666666666666,0,0,0,0
"1716782964927-JcBJ3dmB","2024-05-27 00:00:00","","Work in a job that pays you a million dollars a year but you will never get married or fall in love","Fall in love, get married and be really happy but never earn enough retire","False","n/a","False",7,6,0.8571428571428571,0.6666666666666666,0.3333333333333333,0,0,0,0
"1716782968256-92cDxzgQ","2024-05-27 00:00:00","","Reincarnate as slime","Reincarnate as a leaf","False","n/a","False",7,6,0.8571428571428571,0.5,0.5,0,0,0,1
"1716782969295-k29hAYSy","2024-05-27 00:00:00","","Be Pikachu","Be Jigglypuff","False","n/a","False",7,6,0.8571428571428571,0.3333333333333333,0.6666666666666666,0,3,0,1
"1716782977370-9F1Q8eOa","2024-05-27 00:00:00","","Write a record breaking music album ","Produce a record breaking movie","False","n/a","False",7,6,0.8571428571428571,0.8333333333333334,0.16666666666666666,1,0,0,0
"1716782993014-kmw12MiR","2024-05-27 00:00:00","","Have the power to heal any illness","Be able to bring peace to any conflict","False","n/a","False",7,6,0.8571428571428571,0.8333333333333334,0.16666666666666666,1,0,0,0
"1716783002052-iD89hNR5","2024-05-27 00:00:00","","Have hiccups for the rest of your life","Feel like you have to sneeze but not be able to for the rest of your life","False","n/a","False",7,6,0.8571428571428571,0.16666666666666666,0.8333333333333334,0,2,0,0
"1716783002642-OxSu3aqh","2024-05-27 00:00:00","","Have free unlimited travel for life. but never be able to take photos or post about it on social media","Have to pay for all of your travel but become an Instagram sensation with millions of followers","False","n/a","False",7,7,1,1,0,0,1,0,0
"1716783011375-kitBwPdx","2024-05-27 00:00:00","","Have the power to heal others","Have the power to bring inanimate objects to life","False","n/a","False",7,6,0.8571428571428571,0.3333333333333333,0.6666666666666666,0,0,0,0
"1716783017840-BfyT5wZ1","2024-05-27 00:00:00","","Have a behind-the-scenes tour of your favorite movie franchise","Have a personal tour of a famous art gallery with a renowned curator","False","n/a","False",7,6,0.8571428571428571,0.8333333333333334,0.16666666666666666,1,0,0,0
"1716783020816-D4u7kybM","2024-05-27 00:00:00","","Have a personal drone that delivers your favorite snacks on demand","Have a robot that automatically takes selfies for you and posts them on social media","False","n/a","False",7,5,0.7142857142857143,0.8,0.2,0,0,0,1
"1716783024587-RZEVWrum","2024-05-27 00:00:00","","Have a personal assistant that will take care of all the administrative tasks in your life for you","Have an unlimited gift card to any game you like to play","False","n/a","False",7,5,0.7142857142857143,0,1,1,2,0,1
"1716783041016-xm2MI4Uu","2024-05-27 00:00:00","","Live in a world without music","Live in a world without movies and TV shows","False","n/a","False",7,7,1,0.14285714285714285,0.8571428571428571,1,1,0,0
"1716847043275-mDqAEMy9","2024-05-28 00:00:00","","Biden","Trump","False","n/a","True",7,5,0.7142857142857143,0.2,0.8,0,1,0,2
"1716862412031-lf2dENfP","2024-05-28 00:00:00","When buying your favourite smartphone...","Pay now with your credit card, but settling outstanding balance in 2 years","Buy it 6 months later while keep your spending low everyday in this period","False","n/a","True",7,6,0.8571428571428571,0.3333333333333333,0.6666666666666666,1,0,0,0
"1717033315005-u29PSpOj","2024-05-30 00:00:00","If you are going to choose a place to live for your rest of your life, would you rather","have a extremely enormous fortress but you will live alone in there for whole life","have a very crowded partition room but you can live with everyone you love forever","False","n/a","True",7,4,0.5714285714285714,0.25,0.75,1,0,0,0
"1716782936016-84YZTg1P","2024-05-27 00:00:00","","Never have to sleep again","Never have to eat again","False","n/a","False",6,6,1,0.6666666666666666,0.3333333333333333,0,1,0,0
"1716782936824-L6lqvO3D","2024-05-27 00:00:00","","Have the power to control the weather","Have the power to control animals","False","n/a","False",6,6,1,0.5,0.5,1,1,0,0
"1716782940631-Tl2smocd","2024-05-27 00:00:00","","Win an Olympic gold medal","Win an Academy Award","False","n/a","False",6,5,0.8333333333333334,0.4,0.6,0,0,0,0
"1716782947107-5QYYVMhI","2024-05-27 00:00:00","","Have the ability to control dreams","Have the ability to control weather","False","n/a","False",6,6,1,0.5,0.5,0,1,0,0
"1716782950681-UkL1jl8f","2024-05-27 00:00:00","","Have the ability to teleport anywhere","Be able to read minds","False","n/a","False",6,5,0.8333333333333334,0.6,0.4,0,0,0,0
"1716782951748-KJmDljF5","2024-05-27 00:00:00","","Live in a world where magic is real","Live in a world with advanced alien technology","False","n/a","False",6,5,0.8333333333333334,1,0,0,0,0,0
"1716782952304-nWRXkx7h","2024-05-27 00:00:00","","Have a personal robot servant that always speaks in rhymes","Have a personal robot servant that only communicates through interpretive dance","False","n/a","False",6,6,1,1,0,0,0,0,0
"1716782953843-w111g55I","2024-05-27 00:00:00","","Only be able to speak in emojis for a year","Only be able to communicate through TikTok dances for a month","False","n/a","False",6,5,0.8333333333333334,1,0,0,0,0,0
"1716782955033-O8NASuiB","2024-05-27 00:00:00","","Be able to fly","Be able to become invisible","False","n/a","False",6,5,0.8333333333333334,0.8,0.2,0,0,0,1
"1716782960399-joWOtnwO","2024-05-27 00:00:00","","Have a permanent mustache that never stops growing","Have permanent clown shoes that squeak loudly everytime you walk","False","n/a","False",6,5,0.8333333333333334,0.6,0.4,0,0,0,0
"1716782963214-4mVZgJ7q","2024-05-27 00:00:00","","Have the power to heal any illness ","Have the power to bring a loved one back to life","False","n/a","False",6,4,0.6666666666666666,1,0,0,0,0,0
"1716782970615-ab4HiUPE","2024-05-27 00:00:00","","Experience life as a character in your favorite book","Experience life as a character in your favorite movie","False","n/a","False",6,5,0.8333333333333334,0.4,0.6,0,1,0,0
"1716782973691-xvHGINT3","2024-05-27 00:00:00","","Have the ability to teleport your mind into other people's bodies and experience their lives for a day","Have the ability to teleport to any place in the world instantly","False","n/a","False",6,5,0.8333333333333334,0,1,0,1,0,0
"1716782975212-XGpZvjlF","2024-05-27 00:00:00","","Have a personalized AI assistant that knows everything about you but they also share all your personal information online","Have complete privacy and anonymity but you can never receive personalized recommendations or offers","False","n/a","False",6,4,0.6666666666666666,0.25,0.75,1,2,0,0
"1716782978454-uR4ywUJe","2024-05-27 00:00:00","","Have the power to make any product go viral but you can never use it yourself","Have the ability to always be ahead of trends but you can never share them with anyone","False","n/a","False",6,5,0.8333333333333334,0.4,0.6,0,2,0,0
"1716782980777-ZBZXyniz","2024-05-27 00:00:00","","Have a conversation with your favorite celebrity for 10 minutes","Have a lifetime supply of free concert tickets to any artist's shows","False","n/a","False",6,6,1,0.3333333333333333,0.6666666666666666,0,0,0,0
"1716782985218-MoHMHR6B","2024-05-27 00:00:00","","Have the talent to become a professional esports player","Have the ability to create viral dance challenges that everyone participates in","False","n/a","False",6,6,1,1,0,0,1,0,0
"1716782986314-r5VmpLWX","2024-05-27 00:00:00","","Have unlimited money for a year","Never have to sleep again","False","n/a","False",6,6,1,1,0,0,1,0,0
"1716782988681-SIbznQZF","2024-05-27 00:00:00","","Win a Nobel Prize","Win an Olympic gold medal","False","n/a","False",6,5,0.8333333333333334,0.4,0.6,0,1,0,0
"1716782989241-8I3isjcM","2024-05-27 00:00:00","","Have a personal chef","Have a personal stylist","False","n/a","False",6,6,1,0.8333333333333334,0.16666666666666666,0,0,0,0
"1716782998026-YruqRUiT","2024-05-27 00:00:00","","Have a personal gaming setup with all the latest consoles and games","Have the opportunity to visit the virtual world of your favorite video game","False","n/a","False",6,5,0.8333333333333334,0.8,0.2,1,1,0,0
"1716782999773-hQgDiydX","2024-05-27 00:00:00","","Have the power to instantly purchase any item you desire but you can never return or exchange it","Have a personal finance advisor who stops you from making any unnecessary purchases but they also delete your favorite shopping apps","False","n/a","False",6,4,0.6666666666666666,0.5,0.5,0,0,0,0
"1716783000354-PPThoEo0","2024-05-27 00:00:00","","Live in a utopian virtual reality","Live in a perfect society on Earth","False","n/a","False",6,6,1,0.6666666666666666,0.3333333333333333,0,0,0,0
"1716783003190-zQ02o6i1","2024-05-27 00:00:00","","Have the power to instantly learn any musical instrument but you can only play it perfectly while wearing a chicken costume","Have the ability to speak and understand every language in the world but your voice sounds like Mickey Mouse","False","n/a","False",6,6,1,0.3333333333333333,0.6666666666666666,0,1,0,0
"1716783007500-N2MOz5k0","2024-05-27 00:00:00","","Have the ability to instantly recall any information during exams but you have to wear a ridiculous costume","Have a magic backpack that always has the exact textbook you need but occasionally transforms into a live animal","False","n/a","False",6,4,0.6666666666666666,0.5,0.5,0,0,0,0
"1716783008668-eguyaIik","2024-05-27 00:00:00","","Have a love troupe where the other person loves you but cant show as a curse","Have a love troupe where both of you sacrifice yourself for each other and meet but a cursed fate","False","n/a","False",6,3,0.5,0,1,0,1,0,1
"1716783017321-KJY1Du8N","2024-05-27 00:00:00","","Have free access to concerts and music festivals for the rest of your life","Have free access to all sporting events for the rest of your life","False","n/a","False",6,5,0.8333333333333334,0.4,0.6,2,1,0,0
"1716783018441-EZWEc8lN","2024-05-27 00:00:00","","Have a personal theme song that plays every time you enter a room but it's sung by a tone-deaf choir","Have your own personal dance crew that follows you everywhere but they only know one dance move","False","n/a","False",6,5,0.8333333333333334,0.4,0.6,0,2,0,1
"1716783036719-mmrZfszL","2024-05-27 00:00:00","","Have the ability to change anything about yourself but it leaves a negative effect on the world","Have the ability to change anything about the world but it leaves a negative effect on yourselt","False","n/a","False",6,5,0.8333333333333334,0.6,0.4,1,0,0,0
"1716783037231-HKqZ8rW9","2024-05-27 00:00:00","","be in a character in your favorite game/shows","the ideas you make in your head becomes real and gets alot of recognition","False","n/a","False",6,6,1,0.3333333333333333,0.6666666666666666,1,1,0,0
"1716783037736-u805EeEe","2024-05-27 00:00:00","","live a peaceful life without happiness ","have freedom but lose everything ","False","n/a","False",6,6,1,0.8333333333333334,0.16666666666666666,0,0,0,0
"1716783041530-mQhttIFg","2024-05-27 00:00:00","","Have the ability to summon any celebrity as your personal shopping buddy but they will always criticize your fashion choices","Have a magical closet that always gives you the perfect outfit but it randomly changes your hairstyle every day","False","n/a","False",6,4,0.6666666666666666,0.5,0.5,0,0,0,0
"1716783042587-mD9KYdv2","2024-05-27 00:00:00","","Be single for 20 years but find the one true love of your life","Have many incredible relationships but none last forever","False","n/a","False",6,5,0.8333333333333334,0.8,0.2,0,0,0,0
"1716783046634-AMtOKzLu","2024-05-27 00:00:00","","Have the power to control technology with your mind but every time you do, a random gadget breaks","Have the ability to communicate with plants but they insult you constantly","False","n/a","False",6,5,0.8333333333333334,1,0,0,0,0,0
"1716847149272-BrGFPk2v","2024-05-28 00:00:00","","Have a million dollar ","Have parents who have a million dollar","False","n/a","True",6,5,0.8333333333333334,0.6,0.4,1,0,0,0
"1716977475216-DYo6EvR8","2024-05-29 00:00:00","Who’s your man???","Go Jun Pyo (boys over flowers)","Baek Yi Jin (2521)","False","n/a","True",6,2,0.3333333333333333,0,1,0,0,0,3
"1717483858545-pxb3PDzO","2024-06-04 00:00:00","You are participating in a private death match to earn some money, would you rather fight with...","Wolverine","Deadpool","False","n/a","True",6,6,1,0.5,0.5,1,0,0,0
"1718789871050-12jt2cMM","2024-06-19 00:00:00","","Lebron James","Steph curry","False","n/a","True",6,6,1,0.5,0.5,2,3,0,0
"1718789906977-lKfnG81U","2024-06-19 00:00:00","","Luka Doncic","Nikola Jokíc","False","n/a","True",6,4,0.6666666666666666,0.25,0.75,3,2,0,1
"1716782932626-rS53vXaL","2024-05-27 00:00:00","","Have the ability to talk to animals but they all speak in sarcastic remarks","Have the power to fly but you can only do it while wearing a chicken costume","False","n/a","False",5,5,1,0.4,0.6,0,2,0,0
"1716782934195-9YkeSsh0","2024-05-27 00:00:00","","Have a pet dinosaur","Have a pet dragon","False","n/a","False",5,4,0.8,0,1,0,0,0,0
"1716782934847-PR0zhHON","2024-05-27 00:00:00","","Always have to take cold showers ","Never be able to use a smartphone again","False","n/a","False",5,4,0.8,1,0,0,1,0,0
"1716782935407-Oc4871RK","2024-05-27 00:00:00","","Have the power to control the minds of others","Have the power to control the elements (earth, air, fire, water)","False","n/a","False",5,5,1,0.8,0.2,0,1,0,0
"1716782937886-hlt7dGkj","2024-05-27 00:00:00","","Have the ability to control time","Have the power of teleportation","False","n/a","False",5,5,1,0.4,0.6,0,0,0,0
"1716782942384-JWsXC2Zu","2024-05-27 00:00:00","","Meet your favorite celebrity","Have a million followers on social media","False","n/a","False",5,4,0.8,0.5,0.5,1,0,0,0
"1716782944212-pgoDlaJZ","2024-05-27 00:00:00","","Be a one-hit-wonder and make a lot of money but be irrelevant after","Be a super pop start with a few big albums once upon a time and paparazzis' still love you","False","n/a","False",5,4,0.8,0.5,0.5,0,1,0,0
"1716782946455-7vGdkHme","2024-05-27 00:00:00","","Have the ability to binge-watch an entire season of any TV show in one day","Have early access to every new movie release","False","n/a","False",5,4,0.8,0.5,0.5,0,1,0,0
"1716782948210-3YGVttuT","2024-05-27 00:00:00","","Have a personal training session with a famous fitness guru","Have a private cooking lesson with a renowned chef","False","n/a","False",5,5,1,0.2,0.8,0,1,0,0
"1716782956680-pCWFkThQ","2024-05-27 00:00:00","","Have a closet full of trendy clothes but limited storage space","Have a larger wardrobe with only basic outfits","False","n/a","False",5,4,0.8,0.5,0.5,0,0,0,0
"1716782957208-UPVB8mq8","2024-05-27 00:00:00","","Have the ability to speak and understand all musical instruments","Have the ability to create beautiful artwork with a single touch?","False","n/a","False",5,4,0.8,0.25,0.75,0,0,0,0
"1716782958293-z7Ac4euR","2024-05-27 00:00:00","","Have the ability to read people's minds but you can only hear their thoughts about what they secretly think of your fashion choices","Have the power to teleport but you can only do it in embarrassing dance moves","False","n/a","False",5,5,1,0,1,0,1,0,0
"1716782958800-g5NJ4oTL","2024-05-27 00:00:00","","Spend a year traveling the world ","Spend a year living in your favorite fictional universe","False","n/a","False",5,5,1,0.2,0.8,0,0,0,0
"1716782962022-znvfJVhK","2024-05-27 00:00:00","","Be a famous musician","Be a famous actor/actress","False","n/a","False",5,5,1,0.4,0.6,0,0,0,0
"1716782965935-arU2qcdU","2024-05-27 00:00:00","","Have the magical ability to change your hairstyle instantly","Have the magical ability to change your clothes instantly","False","n/a","False",5,5,1,0,1,0,1,0,0
"1716782969810-TJMvyEBa","2024-05-27 00:00:00","","Be friends with a top Kpop group","Be a part of the top Kpop group","False","n/a","False",5,5,1,0.6,0.4,0,2,0,0
"1716782971120-Uh5d4gJz","2024-05-27 00:00:00","","Get a free meal from Joliibees","Get a free meal from Chick-fil A","False","n/a","False",5,3,0.6,0.6666666666666666,0.3333333333333333,0,0,0,0
"1716782974193-KIlDmYPF","2024-05-27 00:00:00","","Have a permanent trail of glitter that follows you everywhere you go","Have your own personal rain cloud that only rains on you","False","n/a","False",5,5,1,0.8,0.2,0,1,0,0
"1716782979053-Nzoz0Eoc","2024-05-27 00:00:00","","Have your own private island","Havve your own private jet","False","n/a","False",5,5,1,0.8,0.2,1,0,0,0
"1716782980260-MwgjVyDs","2024-05-27 00:00:00","","Cosplay as Sailor Moon","Cosplay as Dragon Ball Z","False","n/a","False",5,5,1,0.2,0.8,0,0,0,0
"1716782983014-ChXJnLVG","2024-05-27 00:00:00","","I love myself","I dont like the Person i am ","False","n/a","False",5,4,0.8,0.75,0.25,0,0,0,0
"1716782984117-cgtT3fxM","2024-05-27 00:00:00","","Have a job that allows you to travel the world and document your experiences on social media","Have a job that lets you work on cutting-edge technology projects","False","n/a","False",5,5,1,0,1,0,1,0,0
"1716782985729-12MqAU2u","2024-05-27 00:00:00","","Have unlimited creativity","Have unlimited knowledge","False","n/a","False",5,5,1,0.2,0.8,1,1,0,0
"1716782987400-xxJUBLKO","2024-05-27 00:00:00","","Have the ability to attend any red carpet event of your choice","Have a front-row seat at Fashion Week in Paris","False","n/a","False",5,5,1,0.6,0.4,0,1,0,0
"1716782989748-ovKAzzwz","2024-05-27 00:00:00","","Be required to narrate everything you do out loud","Be unable to use punctuations when you speak","False","n/a","False",5,4,0.8,0,1,0,0,0,0
"1716782990262-UseSLUjh","2024-05-27 00:00:00","","Have a lifetime supply of your favorite food","Have a lifetime supply of your favorite drink","False","n/a","False",5,4,0.8,0.75,0.25,0,0,0,0
"1716782990790-hUeyAxrP","2024-05-27 00:00:00","","Have the ability to time travel and attend iconic historical events","Be a part of the cast of your favorite TV series for one season","False","n/a","False",5,5,1,0.6,0.4,0,1,0,0
"1716782991328-cwH7DuOz","2024-05-27 00:00:00","","Have the baility to time. travel","Have the ability to read minds","False","n/a","False",5,5,1,0.6,0.4,0,0,0,0
"1716782991900-2rqJK7Hm","2024-05-27 00:00:00","","Be able to fly like a bird","Be able to swim like a fish","False","n/a","False",5,4,0.8,0.75,0.25,1,1,0,0
"1716782994058-cZTNxz4S","2024-05-27 00:00:00","","Have unlimited free Wi-Fi for life but every webpage takes 10 seconds to load","Have lightning-fast internet but every online purchase requires a 24-hour waiting period before it's confirmed","False","n/a","False",5,5,1,0.4,0.6,1,1,0,0
"1716782995132-rl2wiCiM","2024-05-27 00:00:00","","Have a personal clone that attends all your classes for you but occasionally falls asleep and snores loudly","Have the power to freeze time during exams but it also freezes your ability to remember the answers","False","n/a","False",5,3,0.6,0,1,0,0,0,0
"1716782996760-b9VS2fdv","2024-05-27 00:00:00","","Have a permanent clown wig","Have a permanent red clown nose","False","n/a","False",5,5,1,0.8,0.2,0,1,0,0
"1716782997368-ZPBB8Xqb","2024-05-27 00:00:00","","Have a permanently squeaky voice","Have a permanently montone voice","False","n/a","False",5,4,0.8,0.25,0.75,0,1,0,1
"1716783000893-dDvDoewJ","2024-05-27 00:00:00","","Have a talking dog that only speaks in rhymes","Have a parrot that can only mimic the sound of car alarms","False","n/a","False",5,5,1,1,0,0,0,0,0
"1716783003757-FrMyrg6q","2024-05-27 00:00:00","","Live in a world without social media","Live in a world without streaming services","False","n/a","False",5,5,1,0.2,0.8,1,2,0,0
"1716783009693-mIiR2Utd","2024-05-27 00:00:00","","Have a personal photographer","Have a personal chefc","False","n/a","False",5,4,0.8,0,1,0,0,0,0
"1716783011966-149cEhyT","2024-05-27 00:00:00","","Travel back in time to meet your ancestors","Travel to the future to meet your descendants","False","n/a","False",5,5,1,0.4,0.6,0,0,0,0
"1716783014781-A75QAAqb","2024-05-27 00:00:00","","Spend a day with Mr. Beast","Spend a day with Joe Rogan","False","n/a","False",5,5,1,0.8,0.2,0,2,0,0
"1716783015402-tttk75QE","2024-05-27 00:00:00","","Have a pocket that is literally impossible to lose anything","Have a magical fridge that never runs out of your favorite snack","False","n/a","False",5,5,1,0.2,0.8,0,1,0,0
"1716783015935-QqFizAtl","2024-05-27 00:00:00","","Have the ability to teleport but always end up a few feet away from your intended destination","Have the ability to fly but only at a maximum speed of 2 miles per hour","False","n/a","False",5,5,1,1,0,0,1,0,0
"1716783016752-NyengJGF","2024-05-27 00:00:00","","Have an exclusive behind the scenes documentary about your favorite TV show","Have the opportunity to attend the show's wrap party","False","n/a","False",5,5,1,0.6,0.4,0,0,0,0
"1716783019689-zOpItdqN","2024-05-27 00:00:00","","Have a curated collection of limited-edition sneakers from your favorite Asian streetwear brands","Have an exclusive limited collection of anime merchandise","False","n/a","False",5,4,0.8,0.25,0.75,0,2,0,0
"1716783027467-ev2ZoyeV","2024-05-27 00:00:00","","Have a job that allows you to work remotely from anywhere in the world","Have a job that offers great work-life balance and stability","False","n/a","False",5,5,1,0.2,0.8,0,0,0,0
"1716783033979-jXZOBqOT","2024-05-27 00:00:00","","Be able to live forever ","Die right now ","False","n/a","False",5,5,1,0.8,0.2,0,1,0,0
"1716783035651-cFLqlfKb","2024-05-27 00:00:00","","Live forever and watch everyone you love, pass away ","Die young but watch over your loved ones try and get over your death ","False","n/a","False",5,5,1,0.4,0.6,0,1,0,0
"1716783036170-omjW2eso","2024-05-27 00:00:00","","Be the world champion but at an extremely irrelevant sport/hobby","Be able to do any sport/hobby but be extremely mediocre at it","False","n/a","False",5,5,1,0.6,0.4,0,0,0,0
"1716783039909-eDt7mw91","2024-05-27 00:00:00","","Win a trip to the moon","Win a trip to every country on Earth","False","n/a","False",5,5,1,0.6,0.4,1,1,0,0
"1716783044303-gm2YukzJ","2024-05-27 00:00:00","","Have the ability to speak with the dead","Have the ability to see the future","False","n/a","False",5,5,1,0.2,0.8,0,0,0,0
"1716783045939-QWN1wRLS","2024-05-27 00:00:00","","Have an uncontrollable urge to dance every time you hear music","Have an uncontrollable urge to sing loudly every time you see a dog","False","n/a","False",5,5,1,0.6,0.4,0,1,0,0
"1716832421590-7sWmomDQ","2024-05-28 00:00:00","","curly hair","straight hair","False","n/a","True",5,5,1,0.4,0.6,1,0,0,0
"1716895362246-UAdsPpEh","2024-05-28 00:00:00","","Anime","K-pop ","False","n/a","True",5,5,1,1,0,1,0,0,0
"1716925305770-QAGo9K8k","2024-05-29 00:00:00","","go to an aespa concert","go to a newjeans concert","False","n/a","True",5,3,0.6,0.6666666666666666,0.3333333333333333,0,0,0,1
"1716956936742-zQrT2QV6","2024-05-29 00:00:00","","be famous for your talent","be famous for your generosity","True","n/a","False",5,3,0.6,0.6666666666666666,0.3333333333333333,0,0,0,0
"1717046765733-BBb9HWy1","2024-05-30 00:00:00","When falling on the ground, ","your arm broken that takes 3 months to recover","your smartphone screen broken (still functioning)","False","n/a","True",5,5,1,0.4,0.6,0,0,0,0
"1717167286480-gQ5PKoOM","2024-05-31 00:00:00","who's a better k-drama character?","Oh Soo-jae (Why her)","Nak-su/Mu-deok (Alchemy of Souls)","False","n/a","True",5,2,0.4,0.5,0.5,0,0,0,3
"1717744582570-yCyLGIoF","2024-06-07 00:00:00","Better SciFi","Star Wars","Star Trek","False","n/a","True",5,4,0.8,1,0,2,1,0,0
"1718162856368-CTXNwtOX","2024-06-12 00:00:00","","be attacked by one angry dog","have a sewer rat run up your pants","False","n/a","True",5,5,1,0.8,0.2,0,0,0,0
"1718760536858-x8RRuEHi","2024-06-19 00:00:00","Best Arya Stark quote","Not today.","A girl has no name.","False","n/a","True",5,4,0.8,0.75,0.25,1,1,0,0
"1718788967595-VRVEYrLJ","2024-06-19 00:00:00","","drink lava","eat rocks","False","n/a","True",5,3,0.6,0,1,1,2,0,1
"1718789824907-0YKA3Qdr","2024-06-19 00:00:00","","Ranked Masters in Brawl stars","over 100k trophy count in brawl stars","False","n/a","True",5,1,0.2,1,0,0,0,0,2
"1718789920285-mVTEBKNO","2024-06-19 00:00:00","","LA Lakers","Golden State Warrior","False","n/a","True",5,3,0.6,0.6666666666666666,0.3333333333333333,2,0,0,0
"1718790693978-k4IDYj5x","2024-06-19 00:00:00","","laugh for the rest of your life","cry for the rest of your life","False","n/a","True",5,4,0.8,0.75,0.25,1,0,0,0
"1716782933157-asJgw4UX","2024-05-27 00:00:00","","Have a lifetime supply of pizza","Have super strenght","False","n/a","False",4,4,1,0.25,0.75,0,2,0,0
"1716782933670-ldhQVLdE","2024-05-27 00:00:00","","Have a guaranteed A+ in every class but you can never take a break","Have a personal chef who cooks gourmet meals for you but they can only use mystery ingredients","False","n/a","False",4,4,1,0.5,0.5,0,1,0,0
"1716782939006-GqjRzsYe","2024-05-27 00:00:00","","Be able to control fire","Be able to control electricity","False","n/a","False",4,4,1,0.5,0.5,0,2,0,0
"1716782939536-fZcr3mZi","2024-05-27 00:00:00","","Eat a spoonful of mustard every morning","Eat a tablespoon of hot sauce every night before bed","False","n/a","False",4,4,1,1,0,0,0,0,0
"1716782941140-WnAYj00j","2024-05-27 00:00:00","","Get a free trip to Comic Con in Tokyo","Get a free trip to Comic Con in Seoul","False","n/a","False",4,4,1,0.5,0.5,0,0,0,0
"1716782943604-zzGPKp3g","2024-05-27 00:00:00","","Have a personal robot assistant","Have a personal hologram assistant","False","n/a","False",4,3,0.75,0.6666666666666666,0.3333333333333333,0,0,0,0
"1716782945283-quR297nA","2024-05-27 00:00:00","","Front row seat at the Super Bowl","Front row seat at the FIFA World Cup","False","n/a","False",4,4,1,0.75,0.25,0,0,0,0
"1716782952821-NciTzlP5","2024-05-27 00:00:00","","Have the ability to instantly master any TikTok dance challenge","Have the power to create viral memes that everyone shares","False","n/a","False",4,4,1,0.5,0.5,0,2,0,0
"1716782953341-en1Ot2Q2","2024-05-27 00:00:00","","Live in a huge mansion but only be allowed to eat bland, unseasoned food","Live in a tiny house but have the most amazing gourmet meals every day","False","n/a","False",4,4,1,0.25,0.75,0,0,0,0
"1716782960936-urbvVTdk","2024-05-27 00:00:00","","Have a personal driver","Have a personal masseuse","False","n/a","False",4,4,1,0.5,0.5,0,3,0,0
"1716782962559-ltSWnNU5","2024-05-27 00:00:00","","Have the power to bring back a beloved Asian TV show for another season","Have the ability to revive a disbanded K-pop group","False","n/a","False",4,3,0.75,0.6666666666666666,0.3333333333333333,1,0,0,0
"1716782967582-ba60TIpK","2024-05-27 00:00:00","","Have a closet filled with designer clothing but you can never wear the same outfit twice","Have a perfectly curated capsule wardrobe that always makes you look stylish and put together","False","n/a","False",4,3,0.75,0.3333333333333333,0.6666666666666666,0,0,0,0
"1716782973192-9PFZpMdS","2024-05-27 00:00:00","","Have a personal styling session with a famous fashion designer","Have a private gaming session with a popular online streamer","False","n/a","False",4,4,1,0,1,0,0,0,0
"1716782975797-Bl6KgA4v","2024-05-27 00:00:00","","Have a private meeting with your favorite professional athlete","Have the chance to compete against them in their respective sport?","False","n/a","False",4,4,1,0.5,0.5,0,0,0,0
"1716782981910-ypfClSUk","2024-05-27 00:00:00","","Have a one-on-one interview with a world leader","Have the opportunity to interview your favorite fictional character","False","n/a","False",4,3,0.75,0.3333333333333333,0.6666666666666666,0,0,0,0
"1716782982425-OAadE5Fu","2024-05-27 00:00:00","","Have the opportunity to collaborate on a song with your favorite musician ","Have a guest appearance in a popular television series","False","n/a","False",4,4,1,0.75,0.25,0,0,0,0
"1716782986855-LUhqUeiP","2024-05-27 00:00:00","","Have a locker that can magically organize all your books and supplies but occasionally eats your lunch","Have a magical notebook that completes your homework assignments for you, but it also doodles funny pictures all over them","False","n/a","False",4,4,1,0.25,0.75,0,0,0,0
"1716782994600-7TNAYLxu","2024-05-27 00:00:00","","Have the ability to become an overnight social media sensation but you can never monetize your platform","Have a dedicated and engaged audience but you can never reveal your true identity or appearance","False","n/a","False",4,4,1,0,1,1,1,0,0
"1716783001446-xA4oeauW","2024-05-27 00:00:00","","Have free wifi wherever you go","Have free coffee for life","False","n/a","False",4,4,1,1,0,1,1,0,0
"1716783008080-4pjrDJar","2024-05-27 00:00:00","","Be able to speak all human languages","Communicate with animals","False","n/a","False",4,4,1,0.5,0.5,0,0,0,0
"1716783009168-4gvYs8xZ","2024-05-27 00:00:00","","Have a cafeteria that serves unlimited pizza but it's only topping is pineapple","Have a vending machine that dispenses free snacks but only when you do a silly dance in front of it","False","n/a","False",4,4,1,0.5,0.5,0,0,0,0
"1716783014154-0T7MZ3C9","2024-05-27 00:00:00","","Have the opportunity to meet your favorite K-pop idol ","Attend a music festival headlined by all your favorite international artists","False","n/a","False",4,3,0.75,0.3333333333333333,0.6666666666666666,1,1,0,0
"1716783019095-XMk4oTCs","2024-05-27 00:00:00","","Have the talent to become a famous fashion designer","Have the ability to create your own popular beauty brand","False","n/a","False",4,4,1,0.25,0.75,0,0,0,0
"1716783020289-pigFUwZW","2024-05-27 00:00:00","","Have the ability to attend any major sporting event of your choice","Have front-row seats to every movie premiere for the next five years","False","n/a","False",4,3,0.75,0.6666666666666666,0.3333333333333333,0,0,0,0
"1716783021862-7NsIFhVB","2024-05-27 00:00:00","","Play the part of a superhero","Play the part of a supervillain","False","n/a","False",4,4,1,0.75,0.25,0,0,0,0
"1716783022473-IleCLPjP","2024-05-27 00:00:00","","Be able to speak to animals","Be able to speak all human languages","False","n/a","False",4,4,1,0.75,0.25,0,0,0,0
"1716783028080-ktK8UgVq","2024-05-27 00:00:00","","Have a subscription service that automatically replenishes your everyday essentials but limits your choices to select brands","Have the freedom to choose any brand you want but have to manually restock your essentials each time","False","n/a","False",4,3,0.75,0.6666666666666666,0.3333333333333333,0,0,0,0
"1716783030432-GsRH4fRD","2024-05-27 00:00:00","","Have a fridge that automatically orders your favorite snacks when you run out but you can't decide fully what you get to order","Have a fridge that onlhy stocks your essentials but has a built in karaoke machine and performs songs when it notices you feel sad","False","n/a","False",4,3,0.75,0.3333333333333333,0.6666666666666666,0,0,0,1
"1716783031053-FuYZ5c4e","2024-05-27 00:00:00","","Have a personal trainer who can magically transform your body overnight but they also follow you around everywhere, constantly shouting motivational quotes","Have a personal stylist who can dress you in the latest fashion trends but they also insist on adding a fanny pack to every outfit","False","n/a","False",4,4,1,0.5,0.5,0,1,0,0
"1716783032212-fvgqYjcG","2024-05-27 00:00:00","","Only drink water","Never drink water again","False","n/a","False",4,4,1,0.5,0.5,1,0,0,0
"1716783032740-mBoj3ZSr","2024-05-27 00:00:00","","tea","coffee","False","n/a","False",4,3,0.75,0,1,0,0,0,0
"1716783035063-JjvgPF52","2024-05-27 00:00:00","","Forever young but never finds true love","Finds true love but only lives 30 years","False","n/a","False",4,4,1,0.75,0.25,0,0,0,0
"1716783038253-8RdVAaRO","2024-05-27 00:00:00","","Be able to fly as high as you want without consequences","Be able to swim as deep as you want without consequences","False","n/a","False",4,3,0.75,0.3333333333333333,0.6666666666666666,0,0,0,0
"1716783038889-qEFwZlg3","2024-05-27 00:00:00","","be smart","be diligent","False","n/a","False",4,3,0.75,1,0,0,0,0,0
"1716783045378-FCuOBIEJ","2024-05-27 00:00:00","","Get a free annual pass to Disneyland","Get a free annual pass to Universal Studios","False","n/a","False",4,4,1,0.5,0.5,0,0,0,0
"1716809270884-vO7zRTj2","2024-05-27 00:00:00","Try this…","Super handsome but never gonna own/spend a penny","Super rich but unacceptably ugly","False","n/a","True",4,4,1,0.75,0.25,2,3,0,0
"1716825582511-RtI2OmDI","2024-05-27 00:00:00","One of the all-time great rivalries in F1","Senna","Prost","False","n/a","True",4,3,0.75,0.6666666666666666,0.3333333333333333,0,0,0,1
"1716895279934-GNSTfNRz","2024-05-28 00:00:00","","Anime ","Koop ","False","n/a","True",4,2,0.5,0.5,0.5,0,0,0,0
"1717051051414-AR27Pgfs","2024-05-30 00:00:00","","Jokic","Doncic","False","n/a","True",4,3,0.75,1,0,0,0,0,1
"1717167226018-HW3aSwQz","2024-05-31 00:00:00","which is the better character?","Kim Bok Joo (Weightlifting Fairy Kim Bok Joo)","Woo Young Woo (Extraordinary Attorney Woo)","False","n/a","True",4,2,0.5,0,1,0,0,0,2
"1717167643339-EQilqXvJ","2024-05-31 00:00:00","who's the better k-drama character?","Park Chang-ho (Big Mouth)","Shim Eun-seok (Juvenile Justice)","False","n/a","True",4,2,0.5,1,0,0,0,0,1
"1717167686084-MJlkV9vo","2024-05-31 00:00:00","who is the better character?","Kim Shin (Guardian: The lonely & Great God)","Yeom Mi-jeong (My liberation Notes)","False","n/a","True",4,3,0.75,0.3333333333333333,0.6666666666666666,0,0,0,1
"1718162817928-5KElw6l7","2024-06-12 00:00:00","","have bad luck in the kitchen","had bad luck in the bedroom","False","n/a","True",4,4,1,0.5,0.5,0,1,0,0
"1718162900956-Xl1MKaSl","2024-06-12 00:00:00","","get a misinterpreted foreign symbol tattoo","get a tattoo of your ex's name","False","n/a","True",4,4,1,1,0,0,0,0,0
"1718759770913-9L5PpNu5","2024-06-19 00:00:00","","IU","BLACKPINK","False","n/a","True",4,4,1,0.5,0.5,1,13,0,0
"1718760050773-VYdZg5tQ","2024-06-19 00:00:00","Which anime","SPY×FAMILY","The Apothecary Diaries","False","n/a","True",4,4,1,0.75,0.25,2,4,0,0
"1718789885643-sGGILnkJ","2024-06-19 00:00:00","","Dallas Mavericks","Golden State warriors","False","n/a","True",4,2,0.5,0,1,1,1,0,1
"1718791341543-k62Fxlyg","2024-06-19 00:00:00","","Cook in basketball","Cook in gaming","False","n/a","True",4,4,1,0.75,0.25,1,0,0,0
"1718791467810-g5OB7RYo","2024-06-19 00:00:00","","double jump and dash like jett in real life","be able to drink speed and strength potions in real life","False","n/a","True",4,3,0.75,0.6666666666666666,0.3333333333333333,0,0,0,0
"1716782323384-nrgcGpbe","2024-05-27 00:00:00","","SAMSUNG","APPLE","False","n/a","False",3,3,1,0.3333333333333333,0.6666666666666666,0,0,0,0
"1716782937348-N9McwqZo","2024-05-27 00:00:00","","Have a subscription to a streaming service that has every movie and TV show but lots of ads","Have a subscription with limited content but no ads at all","False","n/a","False",3,2,0.6666666666666666,1,0,0,1,0,0
"1716782938493-UgKoerrW","2024-05-27 00:00:00","","Only watch YouTube Shorts forever","Only watch Instagram Reels forever","False","n/a","False",3,2,0.6666666666666666,0.5,0.5,0,1,0,1
"1716782940067-JAQEq9rg","2024-05-27 00:00:00","","Solve a great mystery of the past","Discover a great secret of the universe","False","n/a","False",3,3,1,0.6666666666666666,0.3333333333333333,0,0,0,0
"1716782949522-uCzVGMkN","2024-05-27 00:00:00","","Have the ability to control squirrels","Have the ability to make people sneeze on command","False","n/a","False",3,3,1,0.6666666666666666,0.3333333333333333,0,1,0,0
"1716782950084-3hyiIEOB","2024-05-27 00:00:00","","Take care of animals in a shelter","Take care of children in an orphanage","False","n/a","False",3,2,0.6666666666666666,1,0,0,0,0,0
"1716782951166-9qKFyVeb","2024-05-27 00:00:00","","Have a rewind button for your life","Have a pause button for the world","False","n/a","False",3,3,1,1,0,1,0,0,0
"1716782955557-0A2mlGL0","2024-05-27 00:00:00","","Have a bottomless bowl of guacamole","Have an unlimited supply of pizza","False","n/a","False",3,2,0.6666666666666666,0,1,0,0,0,0
"1716782956070-23g7CtQV","2024-05-27 00:00:00","","Find your forever love on ""Love is Blind""","Find a hot flilng on ""Too Hot To Handle""","False","n/a","False",3,1,0.3333333333333333,0,1,0,0,0,1
"1716782957778-8VgMw8ZZ","2024-05-27 00:00:00","","Be able to control time","Be able to alter reality","False","n/a","False",3,3,1,0.3333333333333333,0.6666666666666666,0,0,0,0
"1716782959288-R9DyQFfX","2024-05-27 00:00:00","","Live without the internet","Live without music","False","n/a","False",3,2,0.6666666666666666,0,1,1,1,0,1
"1716782965430-i4KGnYn7","2024-05-27 00:00:00","","Have the ability to change your appearance at will","Have the ability to change your voice at will","False","n/a","False",3,3,1,1,0,0,0,0,0
"1716782966460-m4EBWmj8","2024-05-27 00:00:00","","Be able to speak every language fluently","Be able to play every instrument perfectly","False","n/a","False",3,3,1,0.6666666666666666,0.3333333333333333,0,1,0,0
"1716782971655-cFerl9IJ","2024-05-27 00:00:00","","Have a laptop with unlimited battery life but it can only access educational websites","Have a smartwatch that can instantly solve any math problem but it occasionally beeps loudly during lectures","False","n/a","False",3,2,0.6666666666666666,0.5,0.5,0,0,0,0
"1716782976333-J1w6RfZv","2024-05-27 00:00:00","","Have the ability to speak to animals but they can only communicate through interpretive dance","Have the power to talk to plants but they only speak in riddles","False","n/a","False",3,2,0.6666666666666666,0,1,0,0,0,0
"1716782976868-iQqPgt0u","2024-05-27 00:00:00","","Have spaghetti for hair","Have meatballs for eyes","False","n/a","False",3,3,1,1,0,0,0,0,0
"1716782983563-z5CFQ87l","2024-05-27 00:00:00","","Have a personal VR gaming setup with unlimited access to all the latest games","Have a private home theater with a massive screen for movie marathons","False","n/a","False",3,3,1,0.6666666666666666,0.3333333333333333,0,0,0,0
"1716782984696-QFBnP1dP","2024-05-27 00:00:00","","Have the ability to instantly recover from any hangover but you can only communicate in limericks for 24 hours","Have the ability to instantly recover from any hangover but you can only communicate in limericks for 24 hours","False","n/a","False",3,1,0.3333333333333333,0,1,0,0,0,1
"1716782992483-gFMm5gai","2024-05-27 00:00:00","","Have all your shirts be 2 sizes too big","Have all your pants be 2 sizes too small","False","n/a","False",3,3,1,1,0,0,0,0,0
"1716782993560-1W3pGAl8","2024-05-27 00:00:00","","Have a phone with incredible battery life but a terrible camera","Have a phone with a fantastic camera but a battery that drains quickly","False","n/a","False",3,2,0.6666666666666666,1,0,0,0,0,0
"1716782995668-M4GHQCLV","2024-05-27 00:00:00","","Have the power to bring peace to the world","Have unlimited wealth","False","n/a","False",3,2,0.6666666666666666,0,1,0,1,0,0
"1716782996182-X1fa3Wy2","2024-05-27 00:00:00","","Be so funny everyone laughs the moment you speak","Be so charming everyone crushes on you the moment you speak","False","n/a","False",3,3,1,0,1,0,0,0,0
"1716782998607-P59qcO3h","2024-05-27 00:00:00","","Live in Minecraft world","Live in Roblox world","False","n/a","False",3,2,0.6666666666666666,0,1,0,0,0,1
"1716783004483-NlnX6xNZ","2024-05-27 00:00:00","","Have a photographic memory","Have an extraordinary talent for solving puzzles","False","n/a","False",3,2,0.6666666666666666,1,0,0,0,0,0
"1716783005032-MbNqsW2E","2024-05-27 00:00:00","","Have to say IJBOL out loud every time you laugh","Have to narrate your own life like a vlogger","False","n/a","False",3,1,0.3333333333333333,0,1,0,0,0,2
"1716783005661-6lcrTNrq","2024-05-27 00:00:00","","Have a rewind button for your life","Have a pause button for your life","False","n/a","False",3,3,1,1,0,0,0,0,0
"1716783006801-YBNzupdU","2024-05-27 00:00:00","","Go back 10 years","Fast forward 10 years","False","n/a","False",3,3,1,0.3333333333333333,0.6666666666666666,0,0,0,0
"1716783010852-oNLPWPqp","2024-05-27 00:00:00","","Have a shopping spree with a celebrity stylist who chooses all your outfits but you have to wear branded clothing head to toe","Have complete style freedo but can only shop at thrift stores and discount retailers","False","n/a","False",3,3,1,0.3333333333333333,0.6666666666666666,0,0,0,0
"1716783021363-IAJK0epd","2024-05-27 00:00:00","","Get to have a dinner with your childhood hero","Get to have a dinner with your celebrity crush","False","n/a","False",3,3,1,1,0,0,0,0,0
"1716783025137-72iYqq4N","2024-05-27 00:00:00","","Have a magical credit card that never maxes out but every purchase requires you to do a dance in public","Have a device that instantly fixes any broken technology but only works if you sing a song to it","False","n/a","False",3,3,1,0.3333333333333333,0.6666666666666666,0,0,0,0
"1716783026339-ZfqZCcLB","2024-05-27 00:00:00","","Discover a new planet","Discover a new species on Earth","False","n/a","False",3,3,1,0.6666666666666666,0.3333333333333333,0,0,0,0
"1716783028608-VVaFXoA5","2024-05-27 00:00:00","","Have the ability to instantly find the best deals on any product but you can only shop during limited-time flash sales","Have access to exclusive pre-order privileges but you can never get discounts or promotions","False","n/a","False",3,2,0.6666666666666666,0.5,0.5,0,1,0,0
"1716783033418-a19e2ECL","2024-05-27 00:00:00","","You can never sing your fav songs","You can never hear your fav songs","False","n/a","False",3,3,1,1,0,0,0,0,0
"1717167742773-pfwyLZdF","2024-05-31 00:00:00","who's the better character?","Hwang Do-hee (Queenmaker)","Seong Gi-hun (Squid Game)","False","n/a","True",3,2,0.6666666666666666,0,1,0,0,0,0
"1718076499400-G6JXzcUc","2024-06-11 00:00:00","","Have a personal chef","Have a personal driver","False","n/a","True",3,2,0.6666666666666666,0.5,0.5,0,0,0,0
"1718760300686-ANB9qGNJ","2024-06-19 00:00:00","Who would you rather have on your side","Daenerys Targaryen","Arya Stark","False","n/a","True",3,2,0.6666666666666666,0.5,0.5,1,2,0,1
"1718788703524-eyojQBSJ","2024-06-19 00:00:00","","To the moon","Go to zero","False","n/a","True",3,2,0.6666666666666666,1,0,1,2,0,0
"1718789057403-CLqzKx1Q","2024-06-19 00:00:00","","radiant in valorant but have no skins","iron in valorant but have all skins","False","n/a","True",3,3,1,0.6666666666666666,0.3333333333333333,0,0,0,0
"1718789202772-s2TY5EHV","2024-06-19 00:00:00","","chinese kung fu","japanese karate","False","n/a","True",3,1,0.3333333333333333,1,0,0,0,0,1
"1718791366108-gzmVDhg2","2024-06-19 00:00:00","","200 friends but each friend has a bad habit","1 friend but that friend only has good habits","False","n/a","True",3,2,0.6666666666666666,0,1,0,0,0,0
"1718791481262-EoSqkHED","2024-06-19 00:00:00","","phoenix","Reyna","False","n/a","True",3,2,0.6666666666666666,0,1,0,0,0,1
"1718942389489-ZbLdNmyI","2024-06-21 00:00:00","Girl's Name","Iyla","Jayla","False","n/a","True",3,1,0.3333333333333333,1,0,0,0,0,2
"1718953429103-lbeZLq4U","2024-06-21 00:00:00","Which came first?","Chicken 🐔","Egg 🥚","False","n/a","True",3,3,1,0.6666666666666666,0.3333333333333333,1,1,0,0
"1716782941724-uvK4souj","2024-05-27 00:00:00","","Have the ability to attend any music festival in Asia","Have backstage access to all the major award shows in the region","False","n/a","False",2,2,1,0.5,0.5,0,0,0,0
"1716782944751-0zEOmuWt","2024-05-27 00:00:00","","Not sleep more than 2 hours for a year but make enough to retire in 10 years time","Sleep 8 hours every day for your whole life but you have to work until you're 70","False","n/a","False",2,2,1,0.5,0.5,0,0,0,0
"1716782948938-mpMn8vI0","2024-05-27 00:00:00","","Have the power to instantly learn and master any dance move","Have the ability to sing like a famous artist for one night only","False","n/a","False",2,1,0.5,1,0,0,0,0,0
"1716782954351-AO9gnu7c","2024-05-27 00:00:00","","Play Fortnite for 48 hours straight","Play PUBG for 48 hours straight","False","n/a","False",2,1,0.5,1,0,0,0,0,1
"1716782961466-6GesNCdK","2024-05-27 00:00:00","","Attend a BTS concert","Attend a Blackpink concert","False","n/a","False",2,2,1,0,1,0,1,0,0
"1716782963851-OvZLeX3A","2024-05-27 00:00:00","","Explore the depths of the ocean","Explore outer space","False","n/a","False",2,2,1,0.5,0.5,1,0,0,0
"1716782964405-4idEVNXU","2024-05-27 00:00:00","","Have a professor who cancels all exams but assigns double the amount of essays","Have a personal tutor who can explain any complex topic to you but they have an annoying habit of speaking only in rhymes","False","n/a","False",2,2,1,0,1,0,0,0,0
"1716782972162-Q4ZgF5X6","2024-05-27 00:00:00","","Have the talent to create your own popular webcomic","Have the opportunity to collaborate with a famous Asian comic artist on a project","False","n/a","False",2,2,1,1,0,0,0,0,0
"1716782974678-nFPwhejf","2024-05-27 00:00:00","","Have unlimited data on phone","Have unlimited battery life on phone","False","n/a","False",2,2,1,0.5,0.5,1,1,0,0
"1716782981354-tViZBOkU","2024-05-27 00:00:00","","Have a guaranteed income of $1 million per year for the rest of your life","Have the bility to invent one groundbreaking invention?","False","n/a","False",2,1,0.5,1,0,0,0,0,0
"1716783006188-ge6pytTy","2024-05-27 00:00:00","","Have to wear formal attire everywhere you go","Have to wear pajamas everywhere you go","False","n/a","False",2,2,1,1,0,0,0,0,0
"1716783010212-HDce4oWe","2024-05-27 00:00:00","","Have a cool futuristic robotic arm","Have a neural implant that lets you download skills like The Matrix","False","n/a","False",2,1,0.5,0,1,0,0,0,0
"1716783013580-WzudC3Jz","2024-05-27 00:00:00","","Have a personal chef who can cook any dish you want but it always tastes like cardboard","Have a personal chef who can only cook macaroni and cheese but it's the most delicious mac and cheese in the world","False","n/a","False",2,2,1,0.5,0.5,0,0,0,0
"1716783025736-Pf3KV5Lw","2024-05-27 00:00:00","","Have the power to control time during work hours, but it also means you have to endure a daily dance-off with your boss","Have a job that pays a ridiculously high salary but requires you to wear cosplay every day","False","n/a","False",2,1,0.5,0,1,0,0,0,0
"1716783026945-vl1SmXJI","2024-05-27 00:00:00","","Have a lifetime supply of your favorite brand's products but never be able to try any other brands","Have the opporutnity to test and reviwe new products before they hit the market but never receive any freebies from your favorite brand again","False","n/a","False",2,2,1,0.5,0.5,0,0,0,0
"1716783029806-6JUpFKBD","2024-05-27 00:00:00","","Join the Heroes","Join the Villains","False","n/a","False",2,2,1,1,0,1,0,0,0
"1716783042033-11yQbOgO","2024-05-27 00:00:00","","Live in an apartment","Live in a house","False","n/a","False",2,2,1,0.5,0.5,0,0,0,0
"1716783044853-fZD8pU4Q","2024-05-27 00:00:00","","Have your dream job","Find your true love","False","n/a","False",2,2,1,0.5,0.5,0,0,0,0
"1716805801519-IVl4PavH","2024-05-27 00:00:00","Pick your hero","Captain America","Iron Man","False","n/a","True",2,2,1,0.5,0.5,1,0,0,0
"1718759813793-qx7kyFkQ","2024-06-19 00:00:00","Instantly know how to play the","Guitar","Saxophone","False","n/a","True",2,2,1,0.5,0.5,1,1,0,0
"1718791389027-d56wieJQ","2024-06-19 00:00:00","","Jujutsu Kaisen","Windbreaker","False","n/a","True",2,2,1,1,0,0,1,0,0
"1716782959803-ovv6DHti","2024-05-27 00:00:00","","Be able to breathe underwater","Be able to walk on walls like Spiderman","False","n/a","False",1,1,1,0,1,0,0,0,0
"1716782987976-3TAaDu3m","2024-05-27 00:00:00","","Have the power to control people's emotions but you can never experience emotions yourself","Have the ability to feel all emotions intensely but have no control over them","False","n/a","False",1,1,1,1,0,0,0,0,0
"1716783043786-gzSvy0tf","2024-05-27 00:00:00","","Have a photographic memory","Have an incredibly high IQ","False","n/a","False",1,1,1,1,0,0,0,0,0
"1718788912052-uZdCndRs","2024-06-19 00:00:00","","study economics","study computer science","False","n/a","True",1,1,1,1,0,0,0,0,0
"1718788945635-JAcU4TU3","2024-06-19 00:00:00","","Work in the government","work with the government","False","n/a","True",1,1,1,0,1,0,0,0,0
"1718791412517-v2NLVg1a","2024-06-19 00:00:00","","Kaiju no. 8","Mashle: Magic and Muscles","False","n/a","True",1,1,1,1,0,0,0,0,0
"1718853503016-9SzyKsE6","2024-06-20 00:00:00","","After Effects","Premiere Pro","False","n/a","True",1,1,1,1,0,0,0,0,0
"1716781749109-0penXtsN","2024-05-27 00:00:00","","SAMSUNG","APPLE","False","n/a","False",0,0,,,,0,0,0,0
