Date Added,Caption,Option 1,Option 2,Sponsor?,id,UGC?,# Views,# Resps,% R/V,% Opt1,% Opt2,# Likes,# Comments,# Bookmarks,# Skips,Tags,Polarization Score,Engagement Score,Virality Index
2024-05-29 00:00:00,For an app…,Want personalized features even though personal data is collected,Generic functionality but no data collection,True,SnapInput,False,526,278,0.5285171102661597,0.5107913669064749,0.4892086330935252,11,5,0,0,"Ethics, Life choices, Personal Experiences",0.9784172661870503,68.84442684054314,119.63332013040736
2024-06-03 00:00:00,,Always feel too hot,Always feel too cold,False,,False,455,357,0.7846153846153846,0.2605042016806723,0.7394957983193278,7,4,0,0,"Hypothetical, Life choices, Personal Experiences",0.5210084033613445,78.06427884477468,105.048209133581
2024-05-29 00:00:00,,Speak a new language fluently,Talk to an animal,False,,False,451,366,0.811529933481153,0.5765027322404371,0.4234972677595628,9,1,0,0,"Hypothetical, Life choices",0.8469945355191257,73.45630558878578,132.59222919158935
2024-05-28 00:00:00,,Unlimited money,Unlimited knowledge,False,,False,416,360,0.8653846153846154,0.4583333333333333,0.5416666666666666,7,1,0,0,"Hypothetical, Life choices, Personal finance tips",0.9166666666666667,69.5335473235457,134.65016049265927
2024-05-29 00:00:00,,Can only tell the truth,Always tell the lie,False,,False,413,322,0.7796610169491526,0.7701863354037267,0.2298136645962732,6,2,0,0,"Hypothetical, Life choices",0.45962732919254645,65.65858954734921,86.24394216051189
2024-06-03 00:00:00,,Eat anything and never gain weight,Won't feel tired and never need to sleep,False,,False,404,343,0.849009900990099,0.673469387755102,0.3265306122448979,2,1,0,0,"Fitness, Hypothetical, Life choices, Personal Experiences",0.6530612244897959,71.17339969270796,109.38004976953096
2024-05-28 00:00:00,,Live in a world with no problems,Lve in a world where you rule,False,,False,390,343,0.8794871794871795,0.8017492711370262,0.1982507288629737,6,0,0,0,"Hypothetical, Life choices",0.39650145772594747,65.48217533879014,83.1116315040926
2024-05-27 00:00:00,Better anime?,Jojo bizzar adventures,Demon slayer,False,,False,374,278,0.7433155080213903,0.2302158273381295,0.7697841726618705,7,2,0,0,"Anime, Gaming",0.460431654676259,56.87056013750037,74.65292010312527
2024-05-28 00:00:00,,Control time,Change your appearance at will,False,,False,370,331,0.8945945945945946,0.5921450151057401,0.4078549848942598,4,0,0,0,"Hypothetical, Life choices",0.8157099697885197,62.54117937948609,114.40588453461459
2024-06-03 00:00:00,,Smartest person in the world,Funniest person in the world,False,,False,364,327,0.8983516483516484,0.7889908256880734,0.2110091743119266,1,2,0,0,"Hypothetical, Life choices",0.4220183486238531,66.67653489394141,84.50740117045605
2024-05-28 00:00:00,Better superpower?,Teleport anywhere instantly,Read minds,False,,False,356,325,0.9129213483146068,0.6215384615384615,0.3784615384615384,7,0,0,0,"Hypothetical, Life choices",0.7569230769230769,61.43080335403456,107.57310251552592
2024-05-27 00:00:00,OG meme,Doge ,Nyan cat,False,,False,351,254,0.7236467236467237,0.3070866141732283,0.6929133858267716,5,1,0,0,"Gaming, Hypothetical",0.6141732283464567,52.05957802665178,78.04468351998884
2024-06-07 00:00:00,Pick one...,live without music,live without movies,False,,False,349,276,0.7908309455587392,0.1666666666666666,0.8333333333333334,7,13,0,0,"Hypothetical, Life choices, Movies, Music",0.33333333333333326,68.05352960657677,74.04014720493258
2024-06-03 00:00:00,,Never use technology again,Never leave your home again,False,,False,342,292,0.8538011695906432,0.3493150684931507,0.6506849315068494,2,1,0,0,"Hypothetical, Life choices, Personal Experiences",0.6986301369863013,60.5620928294315,96.42156962207362
2024-05-27 00:00:00,Winner of the fight,Jake Paul,Mike Tyson,False,,False,341,196,0.5747800586510264,0.2040816326530612,0.7959183673469388,5,0,0,0,"Celebs, Hypothetical, Life choices",0.40816326530612246,44.27885387206948,53.209140404052114
2024-05-27 00:00:00,,Marrying a rich but toxic person,Marrying a poor but loving person,False,,False,322,258,0.8012422360248447,0.3372093023255814,0.6627906976744186,5,0,0,0,"Dating, Hypothetical, Life choices",0.6744186046511629,50.51531216391026,81.3864841229327
2024-06-07 00:00:00,,See 10 minutes into the future,See 10 years into the future,False,,False,318,258,0.8113207547169812,0.3100775193798449,0.689922480620155,5,7,0,0,"Hypothetical, Life choices",0.6201550387596899,60.99561397884843,85.74671048413632
2024-05-27 00:00:00,,Only watch anime ,Only watch k-dramas ,False,,False,308,261,0.8474025974025974,0.5977011494252874,0.4022988505747126,7,0,0,0,"Anime, Kpop, TV shows",0.8045977011494252,50.33712764128623,90.25284573096467
2024-05-27 00:00:00,,Be able to breath in water,Be able to breath in space,False,,False,303,259,0.8547854785478548,0.6602316602316602,0.3397683397683397,4,0,0,0,"Hypothetical, Life choices",0.6795366795366795,49.357112766854115,81.01783457514058
2024-06-11 00:00:00,,New Jeans,Taylor Swift,False,,False,296,196,0.6621621621621622,0.6785714285714286,0.3214285714285714,4,10,0,0,"Celebs, Kpop, Music",0.6428571428571428,56.686907980816706,74.01518098561253
2024-05-27 00:00:00,What's more important,Skincare,Makeup,False,,False,283,255,0.901060070671378,0.9411764705882352,0.0588235294117647,3,0,0,1,Fashion,0.11764705882352955,47.45647785886453,43.092358394148405
2024-05-27 00:00:00,,Superpower,Magic,False,,False,276,244,0.8840579710144928,0.4426229508196721,0.5573770491803278,3,0,0,0,"Hypothetical, Life choices",0.8852459016393444,45.82311973481101,88.36733980110827
2024-05-27 00:00:00,Better season,autumn/winter,summer/spring,False,,False,270,251,0.9296296296296296,0.7410358565737052,0.2589641434262948,2,0,0,0,"Life choices, Personal Experiences",0.5179282868525896,46.14979135962171,67.11234351971629
2024-05-27 00:00:00,,Always being early ,Always being late,False,,False,262,239,0.9122137404580152,0.8786610878661087,0.1213389121338912,3,0,0,0,"Hypothetical, Life choices, Personal Experiences",0.2426778242677825,44.397643553818824,47.798232665364125
2024-05-27 00:00:00,,Know when you will die,Know how you will die,False,,False,258,223,0.8643410852713178,0.57847533632287,0.42152466367713,4,1,0,0,"Hypothetical, Life choices, Mental health, Personal Experiences",0.8430493273542601,42.70489058889062,79.02866794166796
2024-06-11 00:00:00,,Read mind,Go invisible,False,,False,251,191,0.7609561752988048,0.5392670157068062,0.4607329842931937,6,7,0,0,"Hypothetical, Life choices",0.9214659685863875,51.76090661884734,82.82067996413551
2024-05-27 00:00:00,Do you want,To love,To be loved,False,,False,248,219,0.8830645161290323,0.1689497716894977,0.8310502283105022,3,0,0,0,"Dating, Family, Friendship, Mental health, Personal Experiences",0.3378995433789955,41.19032214658643,49.39274160993983
2024-05-27 00:00:00,,Cat person,Dog person ,False,,False,243,219,0.9012345679012346,0.7442922374429224,0.2557077625570776,2,0,0,0,"Hypothetical, Life choices",0.5114155251141552,40.74486084002638,58.55864563001978
2024-05-27 00:00:00,,Reincarnation ,Time Travel,False,,False,232,199,0.8577586206896551,0.3417085427135678,0.6582914572864321,4,0,0,0,"Hypothetical, Life choices",0.6834170854271358,38.01269815979137,62.509523619843534
2024-05-27 00:00:00,,Have unlimited friends but they all fake,Have one friend who really care about you,False,,False,216,193,0.8935185185185185,0.0155440414507772,0.9844559585492229,4,0,0,0,"Friendship, Hypothetical, Life choices, Personal Experiences",0.031088082901554293,36.349642615300496,28.762231961475365
2024-05-27 00:00:00,,IQ,Photographic memory ,False,,False,206,185,0.8980582524271845,0.5297297297297298,0.4702702702702703,2,0,0,0,"Hypothetical, Life choices",0.9405405405405405,34.50840254818561,69.3813019111392
2024-05-27 00:00:00,,You can talk with your future self,You can speak to your past self,False,,False,203,177,0.8719211822660099,0.632768361581921,0.3672316384180791,5,1,0,0,"Hypothetical, Life choices, Personal Experiences",0.7344632768361581,34.122336082500226,58.09175206187516
2024-05-27 00:00:00,Which is more sad,Can't listen to your fav music,Can't read your fav books,False,,False,188,166,0.8829787234042553,0.3975903614457831,0.6024096385542169,3,0,0,0,"Life choices, Music, Personal Experiences",0.7951807228915662,31.33077856139054,56.4980839210429
2024-05-27 00:00:00,,Travel evrywhere you want,Never visit your town again,False,,False,186,162,0.8709677419354839,0.9320987654320988,0.0679012345679012,3,2,0,0,"Life choices, Personal Experiences, Travel",0.1358024691358024,31.33077856139054,28.998083921042902
2024-05-27 00:00:00,,Have a comfortable job,Own a high ranking company but have no control over it,False,,False,176,156,0.8863636363636364,0.8269230769230769,0.173076923076923,2,0,0,0,"Business and Finance, Life choices, Personal finance tips",0.34615384615384615,29.281656551214294,35.461242413410716
2024-05-27 00:00:00,Weird power but…,You get unlimited pineapple juice for the rest of your life for free but you need to make a front flip every time you want a glass of it  ,You get unlimited barbecue chips for the rest of your life for free but you get shot with a paintball gun whenever you want to take a bag of it,False,,False,169,132,0.7810650887573964,0.4090909090909091,0.5909090909090909,2,0,0,0,"Food and dining experiences, Hypothetical, Life choices",0.8181818181818181,26.01494030310722,46.51120522733041
2024-05-27 00:00:00,Pick only one,Love,Money,False,,False,160,143,0.89375,0.4685314685314685,0.5314685314685315,2,0,0,0,"Dating, Life choices, Personal Experiences",0.9370629370629371,26.787073234477983,53.59030492585849
2024-05-27 00:00:00,Who could you count on?,Choose your friends,Choose your family,False,,False,157,139,0.8853503184713376,0.2877697841726618,0.7122302158273381,2,0,0,1,"Family, Friendship, Life choices",0.5755395683453237,26.044637723544557,39.533478292658415
2024-05-27 00:00:00,,be yourself,be someone else,False,,False,149,137,0.9194630872483222,0.8102189781021898,0.1897810218978102,1,2,0,0,"Hypothetical, Life choices, Personal Experiences",0.3795620437956204,25.866453200920535,32.3998399006904
2024-05-27 00:00:00,Edit photos in…,Warm colors,Cool colors,False,,False,148,125,0.8445945945945946,0.392,0.608,1,0,0,0,"Art, Fashion",0.784,23.787633770306943,42.34072532773021
2024-05-27 00:00:00,,SAMSUNG,APPLE,False,,False,146,127,0.8698630136986302,0.6535433070866141,0.3464566929133858,1,0,0,0,New gadgets,0.6929133858267718,23.90642345205629,39.92981758904222
2024-06-18 00:00:00,Choose one as pet,Dinosaur,Dragon,False,,False,72,52,0.7222222222222222,0.173076923076923,0.8269230769230769,2,8,0,0,"Hypothetical, Life choices",0.34615384615384615,22.714306732742983,21.535730049557237
2024-06-18 00:00:00,,Hot soba,Cold soba,False,,False,60,40,0.6666666666666666,0.475,0.525,2,3,0,0,Food and dining experiences,0.95,16.444746955832024,21.83356021687402
2024-06-18 00:00:00,When you speak,always have to whisper,always have to shout,False,,False,53,44,0.8301886792452831,0.75,0.25,0,3,0,0,"Hypothetical, Life choices",0.5,16.033628281936224,17.52522121145217
2024-06-18 00:00:00,,never have to do laundry again,never have to do dishes again,False,,False,51,45,0.8823529411764706,0.5333333333333333,0.4666666666666667,1,2,0,0,"Hypothetical, Life choices",0.9333333333333333,15.776679110751349,22.332509333063513
2024-06-18 00:00:00, Be famous for...,your dancing skills,your singing skills,False,,False,50,44,0.88,0.4772727272727273,0.5227272727272727,1,3,0,0,"Hypothetical, Life choices, Music",0.9545454545454546,15.982238447699247,22.486678835774434
2024-06-18 00:00:00,,have to sing everything you say,dance every time you move,False,,False,43,38,0.8837209302325582,0.631578947368421,0.3684210526315789,1,1,0,0,"Hypothetical, Life choices",0.736842105263158,13.001628061954694,16.75122104646602
2024-05-27 00:00:00,,Always have to sing instead of speak,Always have to dance everywhere you go,False,,False,9,9,1.0,0.6666666666666666,0.3333333333333333,1,2,0,0,"Hypothetical, Life choices, Music",0.6666666666666667,2.3460962145496236,3.259572160912218
2024-05-27 00:00:00,,Attend an exclusive private party hosted by your favorite musician,Be a VIP guest at a major awards ceremony,False,,False,9,8,0.8888888888888888,0.75,0.25,1,1,0,0,"Celebs, Music",0.5,1.9303323284269056,2.4477492463201793
2024-05-27 00:00:00,,Attend a live taping of your favorite sitcom ,Be a contestant on a reality TV show ,False,,False,8,7,0.875,0.1428571428571428,0.8571428571428571,0,0,0,0,"Celebs, TV shows",0.2857142857142857,1.3066864992428284,1.4800148744321213
2024-05-27 00:00:00,,Have a lifetime supply of bubble tea,Have a lifetime supply of matcha,False,,False,8,8,1.0,0.125,0.875,0,0,0,0,"Food and dining experiences, Hypothetical, Life choices",0.25,1.4254761809921765,1.5691071357441324
2024-05-27 00:00:00,,Only eat burgers for the rest of your life,Only eat fried rice for the rest of your life,False,,False,8,8,1.0,0.75,0.25,1,2,0,0,"Food and dining experiences, Hypothetical, Life choices",0.5,2.167911691925602,2.6259337689442015
2024-05-27 00:00:00,,Speak in rhymes all the time,Speak in pig latin all the time,False,,False,8,6,0.75,1.0,0.0,0,1,0,0,"Hypothetical, Life choices",0.0,1.4848710218668504,1.1136532664001377
2024-05-27 00:00:00,,Unlimited free pizza for life but only from a pizza chain you don't really like,Have a 50% discount on pizza from your favorite local pizzeria,False,,False,8,8,1.0,0.125,0.875,0,1,0,0,"Food and dining experiences, Hypothetical, Life choices",0.25,1.7224503853655466,1.79183778902416
2024-05-27 00:00:00,,going outdoors alone,staying in with friends,False,,False,8,7,0.875,0.4285714285714285,0.5714285714285714,0,2,0,0,"Friendship, Life choices, Personal Experiences",0.8571428571428571,1.9006349079895686,2.9254761809921765
2024-05-27 00:00:00,,Be Pikachu,Be Jigglypuff,False,,False,7,6,0.8571428571428571,0.3333333333333333,0.6666666666666666,0,3,0,1,"Anime, Gaming, Hypothetical",0.6666666666666667,1.9303323284269058,2.4477492463201793
2024-05-27 00:00:00,,Be forced to use comic sans as your phone's default font,Have all music digitally convert to early 2000s audio quality,False,,False,7,4,0.5714285714285714,1.0,0.0,0,0,0,0,"Hypothetical, Life choices",0.0,0.8909226131201102,0.6681919598400827
2024-05-27 00:00:00,,Become a famous inventor,Become a renowned artist,False,,False,7,5,0.7142857142857143,1.0,0.0,1,1,0,0,"Art, Hypothetical, Life choices",0.0,1.4551736014295136,1.0913802010721352
2024-05-27 00:00:00,,Get an unlimited budget at your local convenience store,Get an unlimited budget at your local fast food chain,False,,False,7,6,0.8571428571428571,0.6666666666666666,0.3333333333333333,1,1,0,0,"Food and dining experiences, Hypothetical, Life choices",0.6666666666666667,1.5739632831788617,2.180472462384146
2024-05-27 00:00:00,,Have a behind-the-scenes tour of your favorite movie franchise,Have a personal tour of a famous art gallery with a renowned curator,False,,False,7,6,0.8571428571428571,0.8333333333333334,0.1666666666666666,1,0,0,0,"Art, Movies",0.33333333333333326,1.2769890788054916,1.4577418091041188
2024-05-27 00:00:00,,Have a personal assistant that will take care of all the administrative tasks in your life for you,Have an unlimited gift card to any game you like to play,False,,False,7,5,0.7142857142857143,0.0,1.0,1,2,0,1,"Gaming, Life choices, Personal Experiences",0.0,1.6630555444908726,1.2472916583681544
2024-05-27 00:00:00,,Have a personal drone that delivers your favorite snacks on demand,Have a robot that automatically takes selfies for you and posts them on social media,False,,False,7,5,0.7142857142857143,0.8,0.2,0,0,0,1,"Hypothetical, Life choices, New gadgets",0.3999999999999999,0.9206200335574474,1.1904650251680855
2024-05-27 00:00:00,,Have a personal fragrance that makes everyone around you uncontrollably dance,Have a personal fragrance that makes everyone around you uncontrollably sing,False,,False,7,6,0.8571428571428571,0.6666666666666666,0.3333333333333333,0,1,0,1,"Hypothetical, Life choices",0.6666666666666667,1.3363839196801657,2.0022879397601243
2024-05-27 00:00:00,,Have a personal theme song that plays ever time you enter a room,Have a personal dance you vhave to perform everytime you greet someone,False,,False,7,6,0.8571428571428571,1.0,0.0,1,0,0,0,"Hypothetical, Life choices, Music, Personal Experiences",0.0,1.2769890788054916,0.9577418091041188
2024-05-27 00:00:00,,Have the ability to fly,Be invisible at will,False,,False,7,6,0.8571428571428571,0.3333333333333333,0.6666666666666666,0,0,0,0,"Hypothetical, Life choices",0.6666666666666667,1.1285019766188065,1.846376482464105
2024-05-27 00:00:00,,Have the power to heal others,Have the power to bring inanimate objects to life,False,,False,7,6,0.8571428571428571,0.3333333333333333,0.6666666666666666,0,0,0,0,"Hypothetical, Life choices",0.6666666666666667,1.1285019766188065,1.846376482464105
2024-05-27 00:00:00,,Kyoto ,Osaka,False,,False,7,7,1.0,0.1428571428571428,0.8571428571428571,0,1,0,0,Travel,0.2857142857142857,1.5442658627415244,1.6581993970561433
2024-05-27 00:00:00,,Let everyone disappear that hates you,"Make the people that hate you, like you",False,,False,7,6,0.8571428571428571,0.5,0.5,1,0,0,0,"Hypothetical, Life choices, Mental health, Personal Experiences",1.0,1.2769890788054916,2.4577418091041188
2024-05-28 00:00:00,,Biden,Trump,False,,True,7,5,0.7142857142857143,0.2,0.8,0,1,0,2,"Global Politics, US Politics",0.3999999999999999,1.1403861883015698,1.3552896412261772
2024-05-30 00:00:00,"If you are going to choose a place to live for your rest of your life, would you rather",have a extremely enormous fortress but you will live alone in there for whole life,have a very crowded partition room but you can live with everyone you love forever,False,,True,7,4,0.5714285714285714,0.25,0.75,1,0,0,0,"Family, Hypothetical, Life choices, Personal Experiences",0.5,1.074246867505472,1.3056851506291038
2024-05-31 00:00:00,which is the better character?,Shin Ha-ri (A Business Poposal),Yoon Ji-Woo (My Name),False,,True,7,3,0.4285714285714285,0.6666666666666666,0.3333333333333333,0,0,0,4,"Celebs, Kpop, TV shows",0.6666666666666667,0.4349344541917285,0.8262008406437964
2024-05-27 00:00:00,,"Have a permanent hall pass that allows you to skip class whenever you want, but it has a built-in whoopee cushion sound effect","Have a magic backpack that always has the exact snack you're craving, but occasionally it also produces a live chicken",False,,False,6,5,0.8333333333333334,0.4,0.6,0,0,0,0,"Hypothetical, Life choices",0.8,0.9503174539947843,1.7127380904960883
2024-05-27 00:00:00,,Have a personal chef,Have a personal stylist,False,,False,6,6,1.0,0.8333333333333334,0.1666666666666666,0,0,0,0,"Fashion, Food and dining experiences, Life choices, Personal Experiences",0.33333333333333326,1.0691071357441324,1.3018303518080994
2024-05-27 00:00:00,,Have a personal gaming setup with all the latest consoles and games,Have the opportunity to visit the virtual world of your favorite video game,False,,False,6,5,0.8333333333333334,0.8,0.2,1,1,0,0,"Gaming, Hypothetical, Life choices",0.3999999999999999,1.3957787605548395,1.5468340704161294
2024-05-27 00:00:00,,"Have a social media account with a million followers but you can never post about yourself, only about random strangers",Have a social media account with only one follower but it's your celebrity crush who likes and comments on all your posts,False,,False,6,4,0.6666666666666666,0.25,0.75,0,0,0,0,"Celebs, Dating, Hypothetical, Life choices, Personal Experiences",0.5,0.8315277722454363,1.1236458291840772
2024-05-27 00:00:00,,Have free access to concerts and music festivals for the rest of your life,Have free access to all sporting events for the rest of your life,False,,False,6,5,0.8333333333333334,0.4,0.6,2,1,0,0,"Music, Sports",0.8,1.5442658627415244,2.1581993970561433
2024-05-27 00:00:00,,Have free unlimited travel for life. but never be able to take photos or post about it on social media,Have to pay for all of your travel but become an Instagram sensation with millions of followers,False,,False,6,6,1.0,1.0,0.0,0,1,0,0,"Hypothetical, Life choices, Personal Experiences, Travel",0.0,1.3660813401175025,1.0245610050881269
2024-05-27 00:00:00,,Have hiccups for the rest of your life,Feel like you have to sneeze but not be able to for the rest of your life,False,,False,6,5,0.8333333333333334,0.2,0.8,0,2,0,0,"Hypothetical, Life choices",0.3999999999999999,1.5442658627415244,1.6581993970561433
2024-05-27 00:00:00,,Have the ability to change anything about yourself but it leaves a negative effect on the world,Have the ability to change anything about the world but it leaves a negative effect on yourselt,False,,False,6,5,0.8333333333333334,0.6,0.4,1,0,0,0,"Ethics, Hypothetical, Life choices",0.8,1.0988045561814694,1.8241034171361021
2024-05-27 00:00:00,,Have the ability to control dreams,Have the ability to control weather,False,,False,6,6,1.0,0.5,0.5,0,1,0,0,"Hypothetical, Life choices",1.0,1.3660813401175025,2.5245610050881266
2024-05-27 00:00:00,,Have the ability to instantly recall any information during exams but you have to wear a ridiculous costume,Have a magic backpack that always has the exact textbook you need but occasionally transforms into a live animal,False,,False,6,4,0.6666666666666666,0.5,0.5,0,0,0,0,"Hypothetical, Life choices",1.0,0.8315277722454363,1.6236458291840772
2024-05-27 00:00:00,,Have the ability to summon any celebrity as your personal shopping buddy but they will always criticize your fashion choices,Have a magical closet that always gives you the perfect outfit but it randomly changes your hairstyle every day,False,,False,6,4,0.6666666666666666,0.5,0.5,0,0,0,0,"Celebs, Fashion, Hypothetical, Life choices",1.0,0.8315277722454363,1.6236458291840772
2024-05-27 00:00:00,,Have the ability to teleport anywhere,Be able to read minds,False,,False,6,5,0.8333333333333334,0.6,0.4,0,0,0,0,"Hypothetical, Life choices",0.8,0.9503174539947843,1.7127380904960883
2024-05-27 00:00:00,,Have the ability to teleport your mind into other people's bodies and experience their lives for a day,Have the ability to teleport to any place in the world instantly,False,,False,6,5,0.8333333333333334,0.0,1.0,0,1,0,0,"Hypothetical, Personal Experiences, Travel",0.0,1.2472916583681544,0.9354687437761158
2024-05-27 00:00:00,,Have the power to heal any illness,Be able to bring peace to any conflict,False,,False,6,5,0.8333333333333334,1.0,0.0,1,0,0,0,"Ethics, Mental health, Social justice",0.0,1.0988045561814694,0.8241034171361021
2024-05-27 00:00:00,,Have the talent to become a professional esports player,Have the ability to create viral dance challenges that everyone participates in,False,,False,6,6,1.0,1.0,0.0,0,1,0,0,"Gaming, Music",0.0,1.3660813401175025,1.0245610050881269
2024-05-27 00:00:00,,Have unlimited money for a year,Never have to sleep again,False,,False,6,6,1.0,1.0,0.0,0,1,0,0,"Hypothetical, Life choices, Personal finance tips",0.0,1.3660813401175025,1.0245610050881269
2024-05-27 00:00:00,,Live in a utopian virtual reality,Live in a perfect society on Earth,False,,False,6,6,1.0,0.6666666666666666,0.3333333333333333,0,0,0,0,"Ethics, Hypothetical, Life choices",0.6666666666666667,1.0691071357441324,1.8018303518080994
2024-05-27 00:00:00,,Live in a world where magic is real,Live in a world with advanced alien technology,False,,False,6,5,0.8333333333333334,1.0,0.0,0,0,0,0,"Hypothetical, Life choices",0.0,0.9503174539947843,0.7127380904960883
2024-05-27 00:00:00,,Live in a world without music,Live in a world without movies and TV shows,False,,False,6,6,1.0,0.1666666666666666,0.8333333333333334,1,1,0,0,"Hypothetical, Life choices, Movies, Music, TV shows",0.33333333333333326,1.5145684423041876,1.6359263317281405
2024-05-27 00:00:00,,Never have to sleep again,Never have to eat again,False,,False,6,6,1.0,0.6666666666666666,0.3333333333333333,0,1,0,0,"Hypothetical, Life choices",0.6666666666666667,1.3660813401175025,2.0245610050881266
2024-05-27 00:00:00,,Only be able to speak in emojis for a year,Only be able to communicate through TikTok dances for a month,False,,False,6,5,0.8333333333333334,1.0,0.0,0,0,0,0,"Hypothetical, Life choices",0.0,0.9503174539947843,0.7127380904960883
2024-05-27 00:00:00,,Reincarnate as slime,Reincarnate as a leaf,False,,False,6,5,0.8333333333333334,0.6,0.4,0,0,0,1,"Hypothetical, Life choices",0.8,0.8612251926827733,1.64591889451208
2024-05-27 00:00:00,,Win a Nobel Prize,Win an Olympic gold medal,False,,False,6,5,0.8333333333333334,0.4,0.6,0,1,0,0,"Hypothetical, Life choices, Sports",0.8,1.2472916583681544,1.9354687437761158
2024-05-27 00:00:00,,Win an Olympic gold medal,Win an Academy Award,False,,False,6,5,0.8333333333333334,0.4,0.6,0,0,0,0,"Celebs, Movies, Sports",0.8,0.9503174539947843,1.7127380904960883
2024-05-27 00:00:00,,Work in a job that pays you a million dollars a year but you will never get married or fall in love,"Fall in love, get married and be really happy but never earn enough retire",False,,False,6,5,0.8333333333333334,0.6,0.4,0,0,0,0,"Dating, Hypothetical, Life choices, Personal Experiences",0.8,0.9503174539947843,1.7127380904960883
2024-05-28 00:00:00,,Have a million dollar ,Have parents who have a million dollar,False,,True,6,5,0.8333333333333334,0.6,0.4,1,0,0,0,"Family, Life choices, Personal finance tips",0.8,1.1103760254515285,1.8327820190886464
2024-05-29 00:00:00,Who’s your man???,Go Jun Pyo (boys over flowers),Baek Yi Jin (2521),False,,True,6,2,0.3333333333333333,0.0,1.0,0,0,0,3,"Celebs, Dating, Kpop, TV shows",0.0,0.33375438309650707,0.2503157873223803
2024-06-04 00:00:00,"You are participating in a private death match to earn some money, would you rather fight with...",Wolverine,Deadpool,False,,True,6,6,1.0,0.5,0.5,1,0,0,0,"Gaming, Movies",1.0,1.3466808288875096,2.510010621665632
2024-06-19 00:00:00,,Lebron James,Steph curry,False,,True,6,6,1.0,0.5,0.5,2,3,0,0,Sports,1.0,4.24164076178948,4.68123057134211
2024-06-19 00:00:00,,Luka Doncic,Nikola Jokíc,False,,True,6,4,0.6666666666666666,0.25,0.75,3,2,0,1,Sports,0.5,3.348663759307484,3.011497819480613
2024-05-27 00:00:00,,Be a famous musician,Be a famous actor/actress,False,,False,5,5,1.0,0.4,0.6,0,0,0,0,"Celebs, Movies, Music",0.8,0.8909226131201102,1.6681919598400827
2024-05-27 00:00:00,,Be a one-hit-wonder and make a lot of money but be irrelevant after,Be a super pop start with a few big albums once upon a time and paparazzis' still love you,False,,False,5,4,0.8,0.5,0.5,0,1,0,0,"Celebs, Music",1.0,1.0691071357441324,1.8018303518080994
2024-05-27 00:00:00,,Be able to fly,Be able to become invisible,False,,False,5,4,0.8,0.75,0.25,0,0,0,1,"Hypothetical, Life choices",0.5,0.6830406700587512,1.0122805025440633
2024-05-27 00:00:00,,Be required to narrate everything you do out loud,Be unable to use punctuations when you speak,False,,False,5,4,0.8,0.0,1.0,0,0,0,0,"Hypothetical, Life choices",0.0,0.7721329313707622,0.5790996985280716
2024-05-27 00:00:00,,Be single for 20 years but find the one true love of your life,Have many incredible relationships but none last forever,False,,False,5,4,0.8,0.75,0.25,0,0,0,0,"Dating, Hypothetical, Life choices, Personal Experiences",0.5,0.7721329313707622,1.0790996985280716
2024-05-27 00:00:00,,Cosplay as Sailor Moon,Cosplay as Dragon Ball Z,False,,False,5,5,1.0,0.2,0.8,0,0,0,0,"Anime, Fashion",0.3999999999999999,0.8909226131201102,1.1681919598400827
2024-05-27 00:00:00,,Have a closet full of trendy clothes but limited storage space,Have a larger wardrobe with only basic outfits,False,,False,5,4,0.8,0.5,0.5,0,0,0,0,"Fashion, Life choices",1.0,0.7721329313707622,1.5790996985280716
2024-05-27 00:00:00,,Have a curated collection of limited-edition sneakers from your favorite Asian streetwear brands,Have an exclusive limited collection of anime merchandise,False,,False,5,4,0.8,0.25,0.75,0,2,0,0,"Anime, Fashion",0.5,1.3660813401175023,1.5245610050881266
2024-05-27 00:00:00,,Have a job that allows you to travel the world and document your experiences on social media,Have a job that lets you work on cutting-edge technology projects,False,,False,5,4,0.8,0.0,1.0,0,1,0,0,"New gadgets, Personal Experiences, Travel",0.0,1.0691071357441324,0.8018303518080994
2024-05-27 00:00:00,,Have a love troupe where the other person loves you but cant show as a curse,Have a love troupe where both of you sacrifice yourself for each other and meet but a cursed fate,False,,False,5,3,0.6,0.0,1.0,0,0,0,0,"Dating, Hypothetical, Personal Experiences",0.0,0.6533432496214142,0.49000743721606066
2024-05-27 00:00:00,,Have a permanent mustache that never stops growing,Have permanent clown shoes that squeak loudly everytime you walk,False,,False,5,3,0.6,0.3333333333333333,0.6666666666666666,0,0,0,0,"Hypothetical, Life choices",0.6666666666666667,0.6533432496214142,0.9900074372160607
2024-05-27 00:00:00,,Have a permanent trail of glitter that follows you everywhere you go,Have your own personal rain cloud that only rains on you,False,,False,5,5,1.0,0.8,0.2,0,1,0,0,"Hypothetical, Life choices",0.3999999999999999,1.1878968174934803,1.39092261312011
2024-05-27 00:00:00,,Have a permanently squeaky voice,Have a permanently montone voice,False,,False,5,4,0.8,0.25,0.75,0,1,0,1,"Hypothetical, Life choices",0.5,0.9800148744321213,1.235011155824091
2024-05-27 00:00:00,,Have a personal clone that attends all your classes for you but occasionally falls asleep and snores loudly,Have the power to freeze time during exams but it also freezes your ability to remember the answers,False,,False,5,3,0.6,0.0,1.0,0,0,0,0,"Hypothetical, Life choices",0.0,0.6533432496214142,0.49000743721606066
2024-05-27 00:00:00,,Have a personal photographer,Have a personal chefc,False,,False,5,4,0.8,0.0,1.0,0,0,0,0,"Fashion, Food and dining experiences, Life choices, Personal Experiences",0.0,0.7721329313707622,0.5790996985280716
2024-05-27 00:00:00,,Have a personal robot servant that always speaks in rhymes,Have a personal robot servant that only communicates through interpretive dance,False,,False,5,5,1.0,1.0,0.0,0,0,0,0,"Hypothetical, Life choices",0.0,0.8909226131201102,0.6681919598400827
2024-05-27 00:00:00,,Have a personal theme song that plays every time you enter a room but it's sung by a tone-deaf choir,Have your own personal dance crew that follows you everywhere but they only know one dance move,False,,False,5,4,0.8,0.5,0.5,0,1,0,1,"Hypothetical, Life choices, Music",1.0,0.9800148744321213,1.735011155824091
2024-05-27 00:00:00,,Have a personal training session with a famous fitness guru,Have a private cooking lesson with a renowned chef,False,,False,5,5,1.0,0.2,0.8,0,1,0,0,"Fitness, Food and dining experiences",0.3999999999999999,1.1878968174934803,1.39092261312011
2024-05-27 00:00:00,,Have a pocket that is literally impossible to lose anything,Have a magical fridge that never runs out of your favorite snack,False,,False,5,5,1.0,0.2,0.8,0,1,0,0,"Hypothetical, Life choices",0.3999999999999999,1.1878968174934803,1.39092261312011
2024-05-27 00:00:00,,Have a talking dog that only speaks in rhymes,Have a parrot that can only mimic the sound of car alarms,False,,False,5,5,1.0,1.0,0.0,0,0,0,0,"Hypothetical, Life choices",0.0,0.8909226131201102,0.6681919598400827
2024-05-27 00:00:00,,Have an exclusive behind the scenes documentary about your favorite TV show,Have the opportunity to attend the show's wrap party,False,,False,5,5,1.0,0.6,0.4,0,0,0,0,"Celebs, TV shows",0.8,0.8909226131201102,1.6681919598400827
2024-05-27 00:00:00,,Have an uncontrollable urge to dance every time you hear music,Have an uncontrollable urge to sing loudly every time you see a dog,False,,False,5,5,1.0,0.6,0.4,0,1,0,0,"Hypothetical, Life choices, Music",0.8,1.1878968174934803,1.8909226131201102
2024-05-27 00:00:00,,Have the ability to binge-watch an entire season of any TV show in one day,Have early access to every new movie release,False,,False,5,4,0.8,0.5,0.5,0,1,0,0,"Movies, TV shows",1.0,1.0691071357441324,1.8018303518080994
2024-05-27 00:00:00,,Have the ability to read people's minds but you can only hear their thoughts about what they secretly think of your fashion choices,Have the power to teleport but you can only do it in embarrassing dance moves,False,,False,5,4,0.8,0.0,1.0,0,1,0,0,"Fashion, Hypothetical, Life choices",0.0,1.0691071357441324,0.8018303518080994
2024-05-27 00:00:00,,Have the ability to speak with the dead,Have the ability to see the future,False,,False,5,5,1.0,0.2,0.8,0,0,0,0,"Hypothetical, Personal Experiences",0.3999999999999999,0.8909226131201102,1.1681919598400827
2024-05-27 00:00:00,,Have the ability to teleport but always end up a few feet away from your intended destination,Have the ability to fly but only at a maximum speed of 2 miles per hour,False,,False,5,5,1.0,1.0,0.0,0,1,0,0,"Hypothetical, Life choices",0.0,1.1878968174934803,0.8909226131201102
2024-05-27 00:00:00,,Have the magical ability to change your hairstyle instantly,Have the magical ability to change your clothes instantly,False,,False,5,5,1.0,0.0,1.0,0,1,0,0,"Fashion, Hypothetical, Life choices",0.0,1.1878968174934803,0.8909226131201102
2024-05-27 00:00:00,,Have the power to control the minds of others,"Have the power to control the elements (earth, air, fire, water)",False,,False,5,5,1.0,0.8,0.2,0,1,0,0,"Hypothetical, Life choices",0.3999999999999999,1.1878968174934803,1.39092261312011
2024-05-27 00:00:00,,Have the power to control the weather,Have the power to control animals,False,,False,5,5,1.0,0.4,0.6,1,0,0,0,"Hypothetical, Nature",0.8,1.0394097153067954,1.7795572864800966
2024-05-27 00:00:00,,Have the power to heal any illness ,Have the power to bring a loved one back to life,False,,False,5,4,0.8,1.0,0.0,0,0,0,0,"Life choices, Mental health, Personal Experiences",0.0,0.7721329313707622,0.5790996985280716
2024-05-27 00:00:00,,Have the power to make any product go viral but you can never use it yourself,Have the ability to always be ahead of trends but you can never share them with anyone,False,,False,5,5,1.0,0.4,0.6,0,2,0,0,"Business and Finance, Hypothetical, Life choices",0.8,1.4848710218668504,2.1136532664001377
2024-05-27 00:00:00,,Have unlimited creativity,Have unlimited knowledge,False,,False,5,5,1.0,0.2,0.8,1,1,0,0,"Art, Hypothetical, Life choices, Personal Experiences",0.3999999999999999,1.3363839196801655,1.5022879397601239
2024-05-27 00:00:00,,Have your own private island,Havve your own private jet,False,,False,5,5,1.0,0.8,0.2,1,0,0,0,"Hypothetical, Life choices, Travel",0.3999999999999999,1.0394097153067954,1.2795572864800966
2024-05-27 00:00:00,,"Live forever and watch everyone you love, pass away ",Die young but watch over your loved ones try and get over your death ,False,,False,5,5,1.0,0.4,0.6,0,1,0,0,"Hypothetical, Life choices, Mental health, Personal Experiences",0.8,1.1878968174934803,1.8909226131201102
2024-05-27 00:00:00,,Live in a world without social media,Live in a world without streaming services,False,,False,5,4,0.8,0.25,0.75,1,1,0,0,"Hypothetical, Life choices",0.5,1.2175942379308171,1.4131956784481128
2024-05-27 00:00:00,,Meet your favorite celebrity,Have a million followers on social media,False,,False,5,4,0.8,0.5,0.5,1,0,0,0,"Celebs, Hypothetical, Life choices, Personal Experiences",1.0,0.9206200335574473,1.6904650251680855
2024-05-27 00:00:00,,Spend a day with Mr. Beast,Spend a day with Joe Rogan,False,,False,5,5,1.0,0.8,0.2,0,2,0,0,"Celebs, Hypothetical, Life choices, Personal Experiences",0.3999999999999999,1.4848710218668504,1.6136532664001377
2024-05-27 00:00:00,,Travel back in time to meet your ancestors,Travel to the future to meet your descendants,False,,False,5,5,1.0,0.4,0.6,0,0,0,0,"Family, Hypothetical, Life choices, Travel",0.8,0.8909226131201102,1.6681919598400827
2024-05-27 00:00:00,,Write a record breaking music album ,Produce a record breaking movie,False,,False,5,4,0.8,0.75,0.25,1,0,0,0,"Movies, Music, Writing",0.5,0.9206200335574473,1.1904650251680855
2024-05-27 00:00:00,,be in a character in your favorite game/shows,the ideas you make in your head becomes real and gets alot of recognition,False,,False,5,5,1.0,0.4,0.6,1,1,0,0,"Gaming, Hypothetical, Personal Experiences",0.8,1.3363839196801655,2.002287939760124
2024-05-27 00:00:00,,live a peaceful life without happiness ,have freedom but lose everything ,False,,False,5,5,1.0,0.8,0.2,0,0,0,0,"Hypothetical, Life choices, Mental health, Personal Experiences",0.3999999999999999,0.8909226131201102,1.1681919598400827
2024-05-28 00:00:00,,Anime,K-pop ,False,,True,5,5,1.0,1.0,0.0,1,0,0,0,"Anime, Kpop",0.0,1.0503556997514458,0.7877667748135844
2024-05-28 00:00:00,,curly hair,straight hair,False,,True,5,5,1.0,0.4,0.6,1,0,0,0,"Fashion, Life choices, Personal Experiences",0.8,1.0503556997514458,1.7877667748135844
2024-05-28 00:00:00,When buying your favourite smartphone...,"Pay now with your credit card, but settling outstanding balance in 2 years",Buy it 6 months later while keep your spending low everyday in this period,False,,True,5,5,1.0,0.4,0.6,1,0,0,0,"Business and Finance, Life choices, Personal finance tips",0.8,1.0503556997514458,1.7877667748135844
2024-05-29 00:00:00,,be famous for your talent,be famous for your generosity,True,,False,5,3,0.6,0.6666666666666666,0.3333333333333333,0,0,0,0,"Celebs, Life choices, Personal Experiences",0.6666666666666667,0.6675087661930141,1.0006315746447605
2024-05-29 00:00:00,,go to an aespa concert,go to a newjeans concert,False,,True,5,3,0.6,0.6666666666666666,0.3333333333333333,0,0,0,1,"Kpop, Music",0.6666666666666667,0.5764848435303304,0.9323636326477478
2024-05-30 00:00:00,"When falling on the ground, ",your arm broken that takes 3 months to recover,your smartphone screen broken (still functioning),False,,True,5,4,0.8,0.5,0.5,0,0,0,0,"Hypothetical, Life choices",1.0,0.7980119587183506,1.5985089690387628
2024-05-31 00:00:00,who's a better k-drama character?,Oh Soo-jae (Why her),Nak-su/Mu-deok (Alchemy of Souls),False,,True,5,2,0.4,0.5,0.5,0,0,0,3,"Celebs, Kpop, TV shows",1.0,0.2796007205518254,0.709700540413869
2024-06-07 00:00:00,Better SciFi,Star Wars,Star Trek,False,,True,5,4,0.8,1.0,0.0,2,1,0,0,"Movies, TV shows",0.0,1.5914907788014905,1.193618084101118
2024-06-19 00:00:00,,LA Lakers,Golden State Warrior,False,,True,5,3,0.6,0.6666666666666666,0.3333333333333333,2,0,0,0,Sports,0.6666666666666667,1.7859540049639913,1.8394655037229934
2024-06-19 00:00:00,,Ranked Masters in Brawl stars,over 100k trophy count in brawl stars,False,,True,5,1,0.2,1.0,0.0,0,0,0,2,Gaming,0.0,0.44648850124099776,0.3348663759307483
2024-06-19 00:00:00,,drink lava,eat rocks,False,,True,5,3,0.6,0.0,1.0,1,2,0,1,"Hypothetical, Life choices",0.0,2.455686756825488,1.8417650676191162
2024-06-19 00:00:00,,laugh for the rest of your life,cry for the rest of your life,False,,True,5,4,0.8,0.75,0.25,1,0,0,0,"Hypothetical, Life choices, Mental health",0.5,1.7301429423088666,1.79760720673165
2024-05-27 00:00:00,,Always have to take cold showers ,Never be able to use a smartphone again,False,,False,4,3,0.75,1.0,0.0,0,1,0,0,"Hypothetical, Life choices, Personal Experiences",0.0,0.8909226131201102,0.6681919598400827
2024-05-27 00:00:00,,Be able to control fire,Be able to control electricity,False,,False,4,4,1.0,0.5,0.5,0,2,0,0,"Hypothetical, Life choices",1.0,1.3066864992428284,1.9800148744321213
2024-05-27 00:00:00,,Be able to fly like a bird,Be able to swim like a fish,False,,False,4,3,0.75,0.6666666666666666,0.3333333333333333,1,1,0,0,"Hypothetical, Life choices",0.6666666666666667,1.0394097153067954,1.2795572864800966
2024-05-27 00:00:00,,Be able to live forever ,Die right now ,False,,False,4,4,1.0,0.75,0.25,0,1,0,0,"Hypothetical, Life choices, Mental health, Personal Experiences",0.5,1.0097122948694583,1.2572842211520938
2024-05-27 00:00:00,,Be able to speak to animals,Be able to speak all human languages,False,,False,4,4,1.0,0.75,0.25,0,0,0,0,"Hypothetical, Life choices",0.5,0.7127380904960883,1.034553567872066
2024-05-27 00:00:00,,Eat a spoonful of mustard every morning,Eat a tablespoon of hot sauce every night before bed,False,,False,4,4,1.0,1.0,0.0,0,0,0,0,"Food and dining experiences, Hypothetical, Life choices",0.0,0.7127380904960883,0.5345535678720662
2024-05-27 00:00:00,,Experience life as a character in your favorite book,Experience life as a character in your favorite movie,False,,False,4,3,0.75,0.3333333333333333,0.6666666666666666,0,0,0,0,"Hypothetical, Life choices, Movies, Personal Experiences, TV shows",0.6666666666666667,0.5939484087467402,0.9454613065600551
2024-05-27 00:00:00,,Front row seat at the Super Bowl,Front row seat at the FIFA World Cup,False,,False,4,4,1.0,0.75,0.25,0,0,0,0,Sports,0.5,0.7127380904960883,1.034553567872066
2024-05-27 00:00:00,,Get a free annual pass to Disneyland,Get a free annual pass to Universal Studios,False,,False,4,4,1.0,0.5,0.5,0,0,0,0,Travel,1.0,0.7127380904960883,1.534553567872066
2024-05-27 00:00:00,,Get a free meal from Joliibees,Get a free meal from Chick-fil A,False,,False,4,3,0.75,0.6666666666666666,0.3333333333333333,0,0,0,0,Food and dining experiences,0.6666666666666667,0.5939484087467402,0.9454613065600551
2024-05-27 00:00:00,,Get a free trip to Comic Con in Tokyo,Get a free trip to Comic Con in Seoul,False,,False,4,4,1.0,0.5,0.5,0,0,0,0,"Anime, Kpop, Travel",1.0,0.7127380904960883,1.534553567872066
2024-05-27 00:00:00,,Have a cafeteria that serves unlimited pizza but it's only topping is pineapple,Have a vending machine that dispenses free snacks but only when you do a silly dance in front of it,False,,False,4,4,1.0,0.5,0.5,0,0,0,0,"Food and dining experiences, Hypothetical, Life choices",1.0,0.7127380904960883,1.534553567872066
2024-05-27 00:00:00,,Have a conversation with your favorite celebrity for 10 minutes,Have a lifetime supply of free concert tickets to any artist's shows,False,,False,4,4,1.0,0.5,0.5,0,0,0,0,"Celebs, Music",1.0,0.7127380904960883,1.534553567872066
2024-05-27 00:00:00,,Have a fridge that automatically orders your favorite snacks when you run out but you can't decide fully what you get to order,Have a fridge that onlhy stocks your essentials but has a built in karaoke machine and performs songs when it notices you feel sad,False,,False,4,3,0.75,0.3333333333333333,0.6666666666666666,0,0,0,1,"Food and dining experiences, Hypothetical, Life choices",0.6666666666666667,0.5048561474347292,0.8786421105760469
2024-05-27 00:00:00,,Have a job that allows you to work remotely from anywhere in the world,Have a job that offers great work-life balance and stability,False,,False,4,4,1.0,0.25,0.75,0,0,0,0,"Business and Finance, Life choices, Personal finance tips",0.5,0.7127380904960883,1.034553567872066
2024-05-27 00:00:00,,Have a lifetime supply of your favorite food,Have a lifetime supply of your favorite drink,False,,False,4,3,0.75,1.0,0.0,0,0,0,0,"Food and dining experiences, Life choices",0.0,0.5939484087467402,0.4454613065600551
2024-05-27 00:00:00,,Have a one-on-one interview with a world leader,Have the opportunity to interview your favorite fictional character,False,,False,4,3,0.75,0.3333333333333333,0.6666666666666666,0,0,0,0,"Celebs, Hypothetical",0.6666666666666667,0.5939484087467402,0.9454613065600551
2024-05-27 00:00:00,,Have a permanent clown wig,Have a permanent red clown nose,False,,False,4,4,1.0,0.75,0.25,0,1,0,0,"Hypothetical, Life choices",0.5,1.0097122948694583,1.2572842211520938
2024-05-27 00:00:00,,Have a personal driver,Have a personal masseuse,False,,False,4,4,1.0,0.5,0.5,0,3,0,0,"Life choices, Personal Experiences",1.0,1.6036607036161985,2.202745527712149
2024-05-27 00:00:00,,Have a personal styling session with a famous fashion designer,Have a private gaming session with a popular online streamer,False,,False,4,4,1.0,0.0,1.0,0,0,0,0,"Celebs, Fashion, Gaming",0.0,0.7127380904960883,0.5345535678720662
2024-05-27 00:00:00,,"Have a personal trainer who can magically transform your body overnight but they also follow you around everywhere, constantly shouting motivational quotes",Have a personal stylist who can dress you in the latest fashion trends but they also insist on adding a fanny pack to every outfit,False,,False,4,4,1.0,0.5,0.5,0,1,0,0,"Fashion, Fitness, Hypothetical, Life choices",1.0,1.0097122948694583,1.7572842211520938
2024-05-27 00:00:00,,Have a personalized AI assistant that knows everything about you but they also share all your personal information online,Have complete privacy and anonymity but you can never receive personalized recommendations or offers,False,,False,4,2,0.5,0.5,0.5,1,0,0,0,"Ethics, Hypothetical, Life choices, Personal Experiences",1.0,0.6236458291840772,0.9677343718880579
2024-05-27 00:00:00,,Have a private meeting with your favorite professional athlete,Have the chance to compete against them in their respective sport?,False,,False,4,4,1.0,0.5,0.5,0,0,0,0,"Celebs, Hypothetical, Sports",1.0,0.7127380904960883,1.534553567872066
2024-05-27 00:00:00,,Have a subscription service that automatically replenishes your everyday essentials but limits your choices to select brands,Have the freedom to choose any brand you want but have to manually restock your essentials each time,False,,False,4,3,0.75,0.6666666666666666,0.3333333333333333,0,0,0,0,"Life choices, Personal Experiences",0.6666666666666667,0.5939484087467402,0.9454613065600551
2024-05-27 00:00:00,,Have free wifi wherever you go,Have free coffee for life,False,,False,4,4,1.0,1.0,0.0,1,1,0,0,"Hypothetical, Life choices",0.0,1.1581993970561435,0.8686495477921077
2024-05-27 00:00:00,,Have the ability to attend any major sporting event of your choice,Have front-row seats to every movie premiere for the next five years,False,,False,4,3,0.75,0.6666666666666666,0.3333333333333333,0,0,0,0,"Celebs, Movies, Sports",0.6666666666666667,0.5939484087467402,0.9454613065600551
2024-05-27 00:00:00,,Have the ability to become an overnight social media sensation but you can never monetize your platform,Have a dedicated and engaged audience but you can never reveal your true identity or appearance,False,,False,4,4,1.0,0.0,1.0,1,1,0,0,"Celebs, Hypothetical, Life choices, Personal Experiences, Social justice",0.0,1.1581993970561435,0.8686495477921077
2024-05-27 00:00:00,,Have the ability to control time,Have the power of teleportation,False,,False,4,4,1.0,0.5,0.5,0,0,0,0,"Hypothetical, Life choices",1.0,0.7127380904960883,1.534553567872066
2024-05-27 00:00:00,,Have the ability to instantly master any TikTok dance challenge,Have the power to create viral memes that everyone shares,False,,False,4,4,1.0,0.5,0.5,0,2,0,0,"Hypothetical, Life choices",1.0,1.3066864992428284,1.9800148744321213
2024-05-27 00:00:00,,Have the ability to speak and understand all musical instruments,Have the ability to create beautiful artwork with a single touch?,False,,False,4,3,0.75,0.3333333333333333,0.6666666666666666,0,0,0,0,"Art, Music",0.6666666666666667,0.5939484087467402,0.9454613065600551
2024-05-27 00:00:00,,Have the ability to talk to animals but they all speak in sarcastic remarks,Have the power to fly but you can only do it while wearing a chicken costume,False,,False,4,4,1.0,0.5,0.5,0,2,0,0,"Hypothetical, Life choices",1.0,1.3066864992428284,1.9800148744321213
2024-05-27 00:00:00,,Have the ability to time travel and attend iconic historical events,Be a part of the cast of your favorite TV series for one season,False,,False,4,4,1.0,0.5,0.5,0,1,0,0,"Hypothetical, Life choices, TV shows",1.0,1.0097122948694583,1.7572842211520938
2024-05-27 00:00:00,,Have the opportunity to meet your favorite K-pop idol ,Attend a music festival headlined by all your favorite international artists,False,,False,4,3,0.75,0.3333333333333333,0.6666666666666666,1,1,0,0,"Celebs, Kpop, Music",0.6666666666666667,1.0394097153067954,1.2795572864800966
2024-05-27 00:00:00,,"Have the power to control technology with your mind but every time you do, a random gadget breaks",Have the ability to communicate with plants but they insult you constantly,False,,False,4,3,0.75,1.0,0.0,0,0,0,0,"Hypothetical, Life choices",0.0,0.5939484087467402,0.4454613065600551
2024-05-27 00:00:00,,Have the power to instantly learn any musical instrument but you can only play it perfectly while wearing a chicken costume,Have the ability to speak and understand every language in the world but your voice sounds like Mickey Mouse,False,,False,4,4,1.0,0.0,1.0,0,1,0,0,"Hypothetical, Life choices, Music",0.0,1.0097122948694583,0.7572842211520938
2024-05-27 00:00:00,,Have the power to instantly purchase any item you desire but you can never return or exchange it,Have a personal finance advisor who stops you from making any unnecessary purchases but they also delete your favorite shopping apps,False,,False,4,3,0.75,0.6666666666666666,0.3333333333333333,0,0,0,0,"Business and Finance, Life choices, Personal finance tips",0.6666666666666667,0.5939484087467402,0.9454613065600551
2024-05-27 00:00:00,,Have the talent to become a famous fashion designer,Have the ability to create your own popular beauty brand,False,,False,4,4,1.0,0.25,0.75,0,0,0,0,"Celebs, Fashion",0.5,0.7127380904960883,1.034553567872066
2024-05-27 00:00:00,,I love myself,I dont like the Person i am ,False,,False,4,3,0.75,0.6666666666666666,0.3333333333333333,0,0,0,0,"Mental health, Personal Experiences",0.6666666666666667,0.5939484087467402,0.9454613065600551
2024-05-27 00:00:00,,Only drink water,Never drink water again,False,,False,4,4,1.0,0.5,0.5,1,0,0,0,"Hypothetical, Life choices",1.0,0.8612251926827733,1.64591889451208
2024-05-27 00:00:00,,Play the part of a superhero,Play the part of a supervillain,False,,False,4,4,1.0,0.75,0.25,0,0,0,0,"Hypothetical, Life choices",0.5,0.7127380904960883,1.034553567872066
2024-05-27 00:00:00,,Spend a year traveling the world ,Spend a year living in your favorite fictional universe,False,,False,4,4,1.0,0.0,1.0,0,0,0,0,"Hypothetical, Life choices, Travel",0.0,0.7127380904960883,0.5345535678720662
2024-05-27 00:00:00,,Win a trip to the moon,Win a trip to every country on Earth,False,,False,4,4,1.0,0.5,0.5,1,0,0,0,"Hypothetical, Life choices, Travel",1.0,0.8612251926827733,1.64591889451208
2024-05-27 00:00:00,,tea,coffee,False,,False,4,3,0.75,0.0,1.0,0,0,0,0,"Food and dining experiences, Personal Experiences",0.0,0.5939484087467402,0.4454613065600551
2024-05-27 00:00:00,One of the all-time great rivalries in F1,Senna,Prost,False,,True,4,3,0.75,0.6666666666666666,0.3333333333333333,0,0,0,1,Sports,0.6666666666666667,0.5048561474347292,0.8786421105760469
2024-05-28 00:00:00,,Anime ,Koop ,False,,True,4,2,0.5,0.5,0.5,0,0,0,0,"Anime, Kpop",1.0,0.480162605600661,0.8601219542004958
2024-05-31 00:00:00,which is the better character?,Kim Bok Joo (Weightlifting Fairy Kim Bok Joo),Woo Young Woo (Extraordinary Attorney Woo),False,,True,4,2,0.5,0.0,1.0,0,0,0,2,"Celebs, Kpop, TV shows",0.0,0.31066746727980593,0.23300060045985443
2024-05-31 00:00:00,who's the better k-drama character?,Park Chang-ho (Big Mouth),Shim Eun-seok (Juvenile Justice),False,,True,4,2,0.5,1.0,0.0,0,0,0,1,TV shows,0.0,0.4038677074637477,0.3029007805978108
2024-06-12 00:00:00,,be attacked by one angry dog,have a sewer rat run up your pants,False,,True,4,4,1.0,1.0,0.0,0,0,0,0,"Hypothetical, Life choices",0.0,0.9356909886030723,0.7017682414523042
2024-06-12 00:00:00,,get a misinterpreted foreign symbol tattoo,get a tattoo of your ex's name,False,,True,4,4,1.0,1.0,0.0,0,0,0,0,"Dating, Hypothetical, Life choices, Personal Experiences",0.0,0.9356909886030723,0.7017682414523042
2024-06-19 00:00:00,,Dallas Mavericks,Golden State warriors,False,,True,4,2,0.5,0.0,1.0,1,1,0,1,Sports,0.0,1.5627097543434925,1.1720323157576193
2024-06-19 00:00:00,,IU,BLACKPINK,False,,True,4,4,1.0,0.5,0.5,1,13,0,0,"Celebs, Kpop, Music",1.0,8.873958962164831,7.6554692216236235
2024-05-27 00:00:00,,Be able to fly as high as you want without consequences,Be able to swim as deep as you want without consequences,False,,False,3,3,1.0,0.3333333333333333,0.6666666666666666,0,0,0,0,"Hypothetical, Life choices",0.6666666666666667,0.5345535678720662,0.9009151759040497
2024-05-27 00:00:00,,Be able to speak all human languages,Communicate with animals,False,,False,3,3,1.0,0.6666666666666666,0.3333333333333333,0,0,0,0,"Hypothetical, Life choices",0.6666666666666667,0.5345535678720662,0.9009151759040497
2024-05-27 00:00:00,,Be able to speak every language fluently,Be able to play every instrument perfectly,False,,False,3,3,1.0,0.6666666666666666,0.3333333333333333,0,1,0,0,"Hypothetical, Life choices, Music",0.6666666666666667,0.8315277722454363,1.1236458291840772
2024-05-27 00:00:00,,Be friends with a top Kpop group,Be a part of the top Kpop group,False,,False,3,2,0.6666666666666666,0.5,0.5,0,1,0,0,"Celebs, Friendship, Kpop",1.0,0.7127380904960883,1.034553567872066
2024-05-27 00:00:00,,Be so funny everyone laughs the moment you speak,Be so charming everyone crushes on you the moment you speak,False,,False,3,3,1.0,0.0,1.0,0,0,0,0,"Dating, Hypothetical, Life choices",0.0,0.5345535678720662,0.4009151759040497
2024-05-27 00:00:00,,Be the world champion but at an extremely irrelevant sport/hobby,Be able to do any sport/hobby but be extremely mediocre at it,False,,False,3,3,1.0,0.6666666666666666,0.3333333333333333,0,0,0,0,"Hypothetical, Life choices, Sports",0.6666666666666667,0.5345535678720662,0.9009151759040497
2024-05-27 00:00:00,,Discover a new planet,Discover a new species on Earth,False,,False,3,3,1.0,0.6666666666666666,0.3333333333333333,0,0,0,0,"Hypothetical, Life choices, Nature",0.6666666666666667,0.5345535678720662,0.9009151759040497
2024-05-27 00:00:00,,Forever young but never finds true love,Finds true love but only lives 30 years,False,,False,3,4,1.3333333333333333,0.75,0.25,0,0,0,0,"Dating, Hypothetical, Life choices",0.5,0.6533432496214142,0.9900074372160607
2024-05-27 00:00:00,,Go back 10 years,Fast forward 10 years,False,,False,3,3,1.0,0.3333333333333333,0.6666666666666666,0,0,0,0,"Hypothetical, Life choices, Personal Experiences",0.6666666666666667,0.5345535678720662,0.9009151759040497
2024-05-27 00:00:00,,Have a bottomless bowl of guacamole,Have an unlimited supply of pizza,False,,False,3,2,0.6666666666666666,0.0,1.0,0,0,0,0,"Food and dining experiences, Hypothetical, Life choices",0.0,0.41576388612271814,0.3118229145920386
2024-05-27 00:00:00,,Have a closet filled with designer clothing but you can never wear the same outfit twice,Have a perfectly curated capsule wardrobe that always makes you look stylish and put together,False,,False,3,2,0.6666666666666666,0.5,0.5,0,0,0,0,"Fashion, Life choices",1.0,0.41576388612271814,0.8118229145920386
2024-05-27 00:00:00,,Have a guaranteed A+ in every class but you can never take a break,Have a personal chef who cooks gourmet meals for you but they can only use mystery ingredients,False,,False,3,3,1.0,0.6666666666666666,0.3333333333333333,0,1,0,0,"Food and dining experiences, Hypothetical, Life choices",0.6666666666666667,0.8315277722454363,1.1236458291840772
2024-05-27 00:00:00,,Have a lifetime supply of pizza,Have super strenght,False,,False,3,3,1.0,0.3333333333333333,0.6666666666666666,0,1,0,0,"Food and dining experiences, Hypothetical, Life choices",0.6666666666666667,0.8315277722454363,1.1236458291840772
2024-05-27 00:00:00,,Have a locker that can magically organize all your books and supplies but occasionally eats your lunch,"Have a magical notebook that completes your homework assignments for you, but it also doodles funny pictures all over them",False,,False,3,3,1.0,0.3333333333333333,0.6666666666666666,0,0,0,0,"Hypothetical, Life choices",0.6666666666666667,0.5345535678720662,0.9009151759040497
2024-05-27 00:00:00,,Have a magical credit card that never maxes out but every purchase requires you to do a dance in public,Have a device that instantly fixes any broken technology but only works if you sing a song to it,False,,False,3,3,1.0,0.3333333333333333,0.6666666666666666,0,0,0,0,"Hypothetical, Life choices",0.6666666666666667,0.5345535678720662,0.9009151759040497
2024-05-27 00:00:00,,Have a personal robot assistant,Have a personal hologram assistant,False,,False,3,3,1.0,0.6666666666666666,0.3333333333333333,0,0,0,0,"Hypothetical, Life choices, New gadgets",0.6666666666666667,0.5345535678720662,0.9009151759040497
2024-05-27 00:00:00,,Have a phone with incredible battery life but a terrible camera,Have a phone with a fantastic camera but a battery that drains quickly,False,,False,3,2,0.6666666666666666,1.0,0.0,0,0,0,0,"Life choices, New gadgets",0.0,0.41576388612271814,0.3118229145920386
2024-05-27 00:00:00,,Have a photographic memory,Have an extraordinary talent for solving puzzles,False,,False,3,2,0.6666666666666666,1.0,0.0,0,0,0,0,"Hypothetical, Life choices",0.0,0.41576388612271814,0.3118229145920386
2024-05-27 00:00:00,,Have a rewind button for your life,Have a pause button for the world,False,,False,3,3,1.0,1.0,0.0,1,0,0,0,"Hypothetical, Life choices, Personal Experiences",0.0,0.6830406700587512,0.5122805025440634
2024-05-27 00:00:00,,Have a rewind button for your life,Have a pause button for your life,False,,False,3,3,1.0,1.0,0.0,0,0,0,0,"Hypothetical, Life choices, Personal Experiences",0.0,0.5345535678720662,0.4009151759040497
2024-05-27 00:00:00,,Have a shopping spree with a celebrity stylist who chooses all your outfits but you have to wear branded clothing head to toe,Have complete style freedo but can only shop at thrift stores and discount retailers,False,,False,3,3,1.0,0.3333333333333333,0.6666666666666666,0,0,0,0,"Celebs, Fashion, Hypothetical, Life choices",0.6666666666666667,0.5345535678720662,0.9009151759040497
2024-05-27 00:00:00,,Have a subscription to a streaming service that has every movie and TV show but lots of ads,Have a subscription with limited content but no ads at all,False,,False,3,2,0.6666666666666666,1.0,0.0,0,1,0,0,"Movies, TV shows",0.0,0.7127380904960883,0.5345535678720662
2024-05-27 00:00:00,,Have all your shirts be 2 sizes too big,Have all your pants be 2 sizes too small,False,,False,3,3,1.0,1.0,0.0,0,0,0,0,"Fashion, Hypothetical, Life choices",0.0,0.5345535678720662,0.4009151759040497
2024-05-27 00:00:00,,Have spaghetti for hair,Have meatballs for eyes,False,,False,3,3,1.0,1.0,0.0,0,0,0,0,"Hypothetical, Life choices",0.0,0.5345535678720662,0.4009151759040497
2024-05-27 00:00:00,,Have the ability to attend any red carpet event of your choice,Have a front-row seat at Fashion Week in Paris,False,,False,3,3,1.0,0.3333333333333333,0.6666666666666666,0,1,0,0,"Celebs, Fashion",0.6666666666666667,0.8315277722454363,1.1236458291840772
2024-05-27 00:00:00,,Have the ability to control squirrels,Have the ability to make people sneeze on command,False,,False,3,3,1.0,0.6666666666666666,0.3333333333333333,0,1,0,0,"Hypothetical, Life choices",0.6666666666666667,0.8315277722454363,1.1236458291840772
2024-05-27 00:00:00,,Have the ability to instantly find the best deals on any product but you can only shop during limited-time flash sales,Have access to exclusive pre-order privileges but you can never get discounts or promotions,False,,False,3,2,0.6666666666666666,0.5,0.5,0,1,0,0,"Business and Finance, Personal finance tips",1.0,0.7127380904960883,1.034553567872066
2024-05-27 00:00:00,,Have the ability to speak to animals but they can only communicate through interpretive dance,Have the power to talk to plants but they only speak in riddles,False,,False,3,2,0.6666666666666666,0.0,1.0,0,0,0,0,"Hypothetical, Nature",0.0,0.41576388612271814,0.3118229145920386
2024-05-27 00:00:00,,Have the baility to time. travel,Have the ability to read minds,False,,False,3,3,1.0,0.6666666666666666,0.3333333333333333,0,0,0,0,"Hypothetical, Life choices",0.6666666666666667,0.5345535678720662,0.9009151759040497
2024-05-27 00:00:00,,Have the opportunity to collaborate on a song with your favorite musician ,Have a guest appearance in a popular television series,False,,False,3,3,1.0,1.0,0.0,0,0,0,0,"Celebs, Music, TV shows",0.0,0.5345535678720662,0.4009151759040497
2024-05-27 00:00:00,,Have the power to bring back a beloved Asian TV show for another season,Have the ability to revive a disbanded K-pop group,False,,False,3,2,0.6666666666666666,0.5,0.5,1,0,0,0,"Kpop, TV shows",1.0,0.5642509883094032,0.9231882412320525
2024-05-27 00:00:00,,Have to say IJBOL out loud every time you laugh,Have to narrate your own life like a vlogger,False,,False,3,1,0.3333333333333333,0.0,1.0,0,0,0,2,"Hypothetical, Life choices",0.0,0.11878968174934804,0.08909226131201103
2024-05-27 00:00:00,,Have unlimited free Wi-Fi for life but every webpage takes 10 seconds to load,Have lightning-fast internet but every online purchase requires a 24-hour waiting period before it's confirmed,False,,False,3,3,1.0,0.6666666666666666,0.3333333333333333,1,1,0,0,"Hypothetical, Life choices, New gadgets",0.6666666666666667,0.9800148744321213,1.235011155824091
2024-05-27 00:00:00,,"Live in a huge mansion but only be allowed to eat bland, unseasoned food",Live in a tiny house but have the most amazing gourmet meals every day,False,,False,3,3,1.0,0.3333333333333333,0.6666666666666666,0,0,0,0,"Food and dining experiences, Life choices",0.6666666666666667,0.5345535678720662,0.9009151759040497
2024-05-27 00:00:00,,Only watch YouTube Shorts forever,Only watch Instagram Reels forever,False,,False,3,2,0.6666666666666666,0.5,0.5,0,1,0,1,"Hypothetical, Life choices, TV shows",1.0,0.6236458291840773,0.967734371888058
2024-05-27 00:00:00,,SAMSUNG,APPLE,False,,False,3,3,1.0,0.3333333333333333,0.6666666666666666,0,0,0,0,New gadgets,0.6666666666666667,0.5345535678720662,0.9009151759040497
2024-05-27 00:00:00,,Take care of animals in a shelter,Take care of children in an orphanage,False,,False,3,2,0.6666666666666666,1.0,0.0,0,0,0,0,"Family, Personal Experiences, Social justice",0.0,0.41576388612271814,0.3118229145920386
2024-05-27 00:00:00,,You can never sing your fav songs,You can never hear your fav songs,False,,False,3,3,1.0,1.0,0.0,0,0,0,0,"Hypothetical, Life choices, Music",0.0,0.5345535678720662,0.4009151759040497
2024-05-27 00:00:00,,be smart,be diligent,False,,False,3,2,0.6666666666666666,1.0,0.0,0,0,0,0,"Hypothetical, Life choices, Personal Experiences",0.0,0.41576388612271814,0.3118229145920386
2024-05-27 00:00:00,Try this…,Super handsome but never gonna own/spend a penny,Super rich but unacceptably ugly,False,,True,3,3,1.0,0.6666666666666666,0.3333333333333333,1,2,0,0,"Hypothetical, Life choices, Personal Experiences",0.6666666666666667,1.2769890788054916,1.4577418091041188
2024-05-30 00:00:00,,Jokic,Doncic,False,,True,3,3,1.0,1.0,0.0,0,0,0,0,Sports,0.0,0.5524698175742428,0.41435236318068214
2024-05-31 00:00:00,who is the better character?,Kim Shin (Guardian: The lonely & Great God),Yeom Mi-jeong (My liberation Notes),False,,True,3,3,1.0,0.3333333333333333,0.6666666666666666,0,0,0,0,TV shows,0.6666666666666667,0.5592014411036508,0.9194010808277381
2024-06-12 00:00:00,,have bad luck in the kitchen,had bad luck in the bedroom,False,,True,3,3,1.0,0.6666666666666666,0.3333333333333333,0,0,0,0,"Hypothetical, Life choices, Personal Experiences",0.6666666666666667,0.7017682414523042,1.0263261810892281
2024-06-19 00:00:00,,chinese kung fu,japanese karate,False,,True,3,1,0.3333333333333333,1.0,0.0,0,0,0,1,Sports,0.0,0.39067743858587306,0.2930080789394048
2024-06-19 00:00:00,Best Arya Stark quote,Not today.,A girl has no name.,False,,True,3,3,1.0,1.0,0.0,1,1,0,0,"Hypothetical, Life choices",0.0,1.8417650676191162,1.3813238007143371
2024-06-19 00:00:00,Which anime,SPY×FAMILY,The Apothecary Diaries,False,,True,3,3,1.0,0.6666666666666666,0.3333333333333333,2,4,0,0,"Anime, TV shows",0.6666666666666667,3.7951522605484818,3.346364195411361
2024-06-19 00:00:00,Who would you rather have on your side,Daenerys Targaryen,Arya Stark,False,,True,3,2,0.6666666666666666,0.5,0.5,1,2,0,1,TV shows,1.0,2.0091982555844905,2.006898691688368
2024-05-27 00:00:00,,Attend a BTS concert,Attend a Blackpink concert,False,,False,2,2,1.0,0.0,1.0,0,1,0,0,"Celebs, Kpop, Music",0.0,0.6533432496214142,0.49000743721606066
2024-05-27 00:00:00,,Be able to control time,Be able to alter reality,False,,False,2,2,1.0,0.0,1.0,0,0,0,0,"Hypothetical, Life choices",0.0,0.35636904524804414,0.2672767839360331
2024-05-27 00:00:00,,Explore the depths of the ocean,Explore outer space,False,,False,2,2,1.0,0.5,0.5,1,0,0,0,"Hypothetical, Nature, Travel",1.0,0.5048561474347292,0.8786421105760469
2024-05-27 00:00:00,,"Find your forever love on ""Love is Blind""","Find a hot flilng on ""Too Hot To Handle""",False,,False,2,0,0.0,,,0,0,0,1,"Dating, TV shows",,0.02969742043733702,
2024-05-27 00:00:00,,Get to have a dinner with your childhood hero,Get to have a dinner with your celebrity crush,False,,False,2,2,1.0,1.0,0.0,0,0,0,0,"Celebs, Dating, Hypothetical, Life choices, Personal Experiences",0.0,0.35636904524804414,0.2672767839360331
2024-05-27 00:00:00,,Have a cool futuristic robotic arm,Have a neural implant that lets you download skills like The Matrix,False,,False,2,1,0.5,0.0,1.0,0,0,0,0,"Gaming, Hypothetical, New gadgets",0.0,0.23757936349869607,0.17818452262402207
2024-05-27 00:00:00,,Have a guaranteed income of $1 million per year for the rest of your life,Have the bility to invent one groundbreaking invention?,False,,False,2,1,0.5,1.0,0.0,0,0,0,0,"Business and Finance, Hypothetical, Life choices, Personal finance tips",0.0,0.23757936349869607,0.17818452262402207
2024-05-27 00:00:00,,Have a lifetime supply of your favorite brand's products but never be able to try any other brands,Have the opporutnity to test and reviwe new products before they hit the market but never receive any freebies from your favorite brand again,False,,False,2,2,1.0,0.5,0.5,0,0,0,0,"Hypothetical, Life choices",1.0,0.35636904524804414,0.767276783936033
2024-05-27 00:00:00,,Have a personal VR gaming setup with unlimited access to all the latest games,Have a private home theater with a massive screen for movie marathons,False,,False,2,2,1.0,1.0,0.0,0,0,0,0,"Gaming, Movies",0.0,0.35636904524804414,0.2672767839360331
2024-05-27 00:00:00,,Have a pet dinosaur,Have a pet dragon,False,,False,2,2,1.0,0.0,1.0,0,0,0,0,"Hypothetical, Life choices",0.0,0.35636904524804414,0.2672767839360331
2024-05-27 00:00:00,,Have a professor who cancels all exams but assigns double the amount of essays,Have a personal tutor who can explain any complex topic to you but they have an annoying habit of speaking only in rhymes,False,,False,2,2,1.0,0.0,1.0,0,0,0,0,"Hypothetical, Life choices, Personal Experiences",0.0,0.35636904524804414,0.2672767839360331
2024-05-27 00:00:00,,Have the ability to attend any music festival in Asia,Have backstage access to all the major award shows in the region,False,,False,2,2,1.0,0.5,0.5,0,0,0,0,"Celebs, Music, Travel",1.0,0.35636904524804414,0.767276783936033
2024-05-27 00:00:00,,Have the ability to change your appearance at will,Have the ability to change your voice at will,False,,False,2,2,1.0,1.0,0.0,0,0,0,0,"Hypothetical, Life choices, Personal Experiences",0.0,0.35636904524804414,0.2672767839360331
2024-05-27 00:00:00,,Have the ability to instantly recover from any hangover but you can only communicate in limericks for 24 hours,Have the ability to instantly recover from any hangover but you can only communicate in limericks for 24 hours,False,,False,2,1,0.5,0.0,1.0,0,0,0,1,"Hypothetical, Life choices",0.0,0.14848710218668504,0.11136532664001378
2024-05-27 00:00:00,,Have the power to bring peace to the world,Have unlimited wealth,False,,False,2,1,0.5,0.0,1.0,0,1,0,0,"Ethics, Global Politics, Social justice",0.0,0.5345535678720662,0.4009151759040497
2024-05-27 00:00:00,,Have the power to instantly learn and master any dance move,Have the ability to sing like a famous artist for one night only,False,,False,2,1,0.5,1.0,0.0,0,0,0,0,"Celebs, Hypothetical, Life choices, Music",0.0,0.23757936349869607,0.17818452262402207
2024-05-27 00:00:00,,Have the talent to create your own popular webcomic,Have the opportunity to collaborate with a famous Asian comic artist on a project,False,,False,2,2,1.0,1.0,0.0,0,0,0,0,"Anime, Art, Writing",0.0,0.35636904524804414,0.2672767839360331
2024-05-27 00:00:00,,Have unlimited data on phone,Have unlimited battery life on phone,False,,False,2,2,1.0,0.5,0.5,1,1,0,0,"Life choices, New gadgets",1.0,0.8018303518080993,1.1013727638560744
2024-05-27 00:00:00,,Have your dream job,Find your true love,False,,False,2,2,1.0,0.5,0.5,0,0,0,0,"Dating, Life choices, Personal Experiences",1.0,0.35636904524804414,0.767276783936033
2024-05-27 00:00:00,,Live in an apartment,Live in a house,False,,False,2,2,1.0,0.5,0.5,0,0,0,0,"Life choices, Personal Experiences",1.0,0.35636904524804414,0.767276783936033
2024-05-27 00:00:00,,Live without the internet,Live without music,False,,False,2,2,1.0,0.0,1.0,0,0,0,0,"Hypothetical, Life choices, Music",0.0,0.35636904524804414,0.2672767839360331
2024-05-27 00:00:00,,Not sleep more than 2 hours for a year but make enough to retire in 10 years time,Sleep 8 hours every day for your whole life but you have to work until you're 70,False,,False,2,2,1.0,0.5,0.5,0,0,0,0,"Business and Finance, Life choices, Personal finance tips",1.0,0.35636904524804414,0.767276783936033
2024-05-27 00:00:00,,Play Fortnite for 48 hours straight,Play PUBG for 48 hours straight,False,,False,2,1,0.5,1.0,0.0,0,0,0,1,Gaming,0.0,0.14848710218668504,0.11136532664001378
2024-05-27 00:00:00,,Solve a great mystery of the past,Discover a great secret of the universe,False,,False,2,2,1.0,1.0,0.0,0,0,0,0,"Hypothetical, Life choices",0.0,0.35636904524804414,0.2672767839360331
2024-05-27 00:00:00,Pick your hero,Captain America,Iron Man,False,,True,2,2,1.0,0.5,0.5,1,0,0,0,Movies,1.0,0.5048561474347292,0.8786421105760469
2024-05-31 00:00:00,who's the better character?,Hwang Do-hee (Queenmaker),Seong Gi-hun (Squid Game),False,,True,2,2,1.0,0.0,1.0,0,0,0,0,TV shows,0.0,0.3728009607357672,0.2796007205518254
2024-06-19 00:00:00,,Jujutsu Kaisen,Windbreaker,False,,True,2,2,1.0,1.0,0.0,0,1,0,0,Anime,0.0,1.227843378412744,0.9208825338095581
2024-06-19 00:00:00,,To the moon,Go to zero,False,,True,2,1,0.5,1.0,0.0,1,2,0,0,"Hypothetical, Life choices",0.0,1.841765067619116,1.381323800714337
2024-06-19 00:00:00,,double jump and dash like jett in real life,be able to drink speed and strength potions in real life,False,,True,2,2,1.0,0.5,0.5,0,0,0,0,"Gaming, Hypothetical, Life choices",1.0,0.6697327518614968,1.0022995638961225
2024-06-19 00:00:00,,phoenix,Reyna,False,,True,2,2,1.0,0.0,1.0,0,0,0,0,Gaming,0.0,0.6697327518614968,0.5022995638961226
2024-06-19 00:00:00,Instantly know how to play the,Guitar,Saxophone,False,,True,2,2,1.0,0.5,0.5,1,1,0,0,Music,1.0,1.5068986916883678,1.6301740187662759
2024-05-27 00:00:00,,Be able to breathe underwater,Be able to walk on walls like Spiderman,False,,False,1,1,1.0,0.0,1.0,0,0,0,0,"Hypothetical, Life choices",0.0,0.17818452262402207,0.13363839196801655
2024-05-27 00:00:00,,Have a laptop with unlimited battery life but it can only access educational websites,Have a smartwatch that can instantly solve any math problem but it occasionally beeps loudly during lectures,False,,False,1,0,0.0,,,0,0,0,0,"Hypothetical, Life choices",,0.05939484087467402,
2024-05-27 00:00:00,,Have a personal chef who can cook any dish you want but it always tastes like cardboard,Have a personal chef who can only cook macaroni and cheese but it's the most delicious mac and cheese in the world,False,,False,1,1,1.0,1.0,0.0,0,0,0,0,"Food and dining experiences, Hypothetical, Life choices",0.0,0.17818452262402207,0.13363839196801655
2024-05-27 00:00:00,,Have a photographic memory,Have an incredibly high IQ,False,,False,1,1,1.0,1.0,0.0,0,0,0,0,"Hypothetical, Life choices",0.0,0.17818452262402207,0.13363839196801655
2024-05-27 00:00:00,,Have the power to control people's emotions but you can never experience emotions yourself,Have the ability to feel all emotions intensely but have no control over them,False,,False,1,1,1.0,1.0,0.0,0,0,0,0,"Hypothetical, Life choices, Mental health",0.0,0.17818452262402207,0.13363839196801655
2024-05-27 00:00:00,,"Have the power to control time during work hours, but it also means you have to endure a daily dance-off with your boss",Have a job that pays a ridiculously high salary but requires you to wear cosplay every day,False,,False,1,0,0.0,,,0,0,0,0,"Hypothetical, Life choices",,0.05939484087467402,
2024-05-27 00:00:00,,Have to wear formal attire everywhere you go,Have to wear pajamas everywhere you go,False,,False,1,1,1.0,1.0,0.0,0,0,0,0,"Fashion, Hypothetical, Life choices",0.0,0.17818452262402207,0.13363839196801655
2024-05-27 00:00:00,,Live in Minecraft world,Live in Roblox world,False,,False,1,1,1.0,0.0,1.0,0,0,0,0,"Gaming, Hypothetical, Life choices",0.0,0.17818452262402207,0.13363839196801655
2024-06-11 00:00:00,,Have a personal chef,Have a personal driver,False,,True,1,0,0.0,,,0,0,0,0,"Food and dining experiences, Life choices, Personal Experiences",,0.07578463633799025,
2024-06-19 00:00:00,,200 friends but each friend has a bad habit,1 friend but that friend only has good habits,False,,True,1,1,1.0,0.0,1.0,0,0,0,0,"Friendship, Hypothetical, Life choices",0.0,0.3348663759307484,0.2511497819480613
2024-06-19 00:00:00,,Cook in basketball,Cook in gaming,False,,True,1,1,1.0,1.0,0.0,0,0,0,0,"Gaming, Sports",0.0,0.3348663759307484,0.2511497819480613
2024-06-19 00:00:00,,Kaiju no. 8,Mashle: Magic and Muscles,False,,True,1,1,1.0,1.0,0.0,0,0,0,0,Anime,0.0,0.3348663759307484,0.2511497819480613
2024-06-19 00:00:00,,Work in the government,work with the government,False,,True,1,1,1.0,0.0,1.0,0,0,0,0,"Business and Finance, Global Politics, Life choices, US Politics",0.0,0.3348663759307484,0.2511497819480613
2024-06-19 00:00:00,,radiant in valorant but have no skins,iron in valorant but have all skins,False,,True,1,1,1.0,1.0,0.0,0,0,0,0,"Gaming, Hypothetical, Life choices",0.0,0.3348663759307484,0.2511497819480613
2024-06-19 00:00:00,,study economics,study computer science,False,,True,1,1,1.0,1.0,0.0,0,0,0,0,"Business and Finance, Life choices",0.0,0.3348663759307484,0.2511497819480613
2024-05-27 00:00:00,,Join the Heroes,Join the Villains,False,,False,0,0,,,,0,0,0,0,"Hypothetical, Life choices",,0.0,
2024-05-27 00:00:00,,SAMSUNG,APPLE,False,,False,0,0,,,,0,0,0,0,New gadgets,,0.0,
2024-06-20 00:00:00,,After Effects,Premiere Pro,False,,True,0,0,,,,0,0,0,0,"New gadgets, Software updates",,0.0,
